,ProjectID,Fire_Year_2001,Fire_Year_2002,Fire_Year_2003,Fire_Year_2004,Fire_Year_2005,Fire_Year_2006,Fire_Year_2007,Fire_Year_2008,Fire_Year_2009,Fire_Year_2010,Fire_Year_2011,Fire_Year_2012,Fire_Year_2013,Fire_Year_2014,Fire_Year_2015,Fire_Year_2016,Fire_Year_2017,Fire_Year_2018,Fire_Year_2019,Fire_Year_2020,Fire_Year_2021,Fire_Year_2022,Fire_Year_2023
0,VCS2418,0,0,0,0,0,0,0,1,0,0,0,0,1,2,0,0,0,1,0,2,1,0,0
2,VCS2391,0,0,0,0,0,0,0,0,0,0,0,0,1,0,1,1,0,1,1,1,1,1,1
5,VCS2070,1,2,11,26,8,19,18,69,32,60,5,7,11,33,12,13,6,8,3,6,4,3,24
9,VCS1855,3,7,26,39,23,22,21,38,17,46,31,22,33,25,8,16,33,22,41,10,10,15,16
14,VCS2249,4,3,16,20,32,63,188,209,51,64,115,95,298,108,150,117,95,52,97,75,81,79,88
20,VCS1930,1,2,6,23,30,16,39,124,45,37,130,35,192,83,16,89,11,17,65,30,38,16,26
27,VCS2652,0,0,1,0,0,3,1,1,1,0,0,0,2,0,0,0,0,0,0,0,0,0,0
35,VCS2379,0,0,5,3,3,2,2,4,20,39,6,10,7,11,9,5,2,5,2,2,5,4,3
44,VCS1896,6,2,23,17,23,25,19,25,12,34,11,15,5,35,23,10,15,23,0,0,0,4,15
54,VCS2375,0,0,0,0,0,0,0,0,0,0,0,0,0,0,0,0,0,0,0,0,0,0,0
65,VCS2083,0,1,5,0,4,3,4,4,9,19,1,4,3,1,3,1,0,8,5,2,7,0,10
77,VCS2387,17,31,141,157,82,114,209,225,95,67,135,53,114,96,44,46,55,39,42,48,42,53,66
90,VCS2378,0,0,5,1,1,0,1,2,1,0,0,0,1,1,0,0,1,3,1,0,1,0,2
104,VCS2082,0,0,1,1,0,3,1,4,0,3,1,0,1,2,0,0,0,0,1,0,1,1,4
119,VCS1826,1,2,4,5,1,3,8,12,11,25,25,22,31,28,50,43,27,35,54,35,34,47,45
135,VCS1361,0,0,0,0,0,0,0,0,0,0,0,0,0,0,0,0,0,0,0,0,0,0,0
152,VCS2451,0,0,0,0,1,1,0,2,0,1,1,0,0,0,0,0,0,0,0,0,0,0,0
170,VCS2745,0,0,0,0,0,0,0,0,0,0,0,1,1,1,0,0,0,2,6,2,2,1,1
189,VCS1865,0,1,6,1,3,0,4,6,8,39,0,3,0,8,6,6,2,7,2,5,7,1,8
209,VCS2305,0,0,0,0,0,0,0,0,0,0,0,0,0,0,1,0,0,1,2,0,0,0,0
230,VCS2413,0,0,0,0,0,0,0,0,0,0,0,1,0,0,1,0,0,0,1,1,0,1,0
252,VCS2370,2,112,30,22,86,59,271,54,66,77,82,98,48,46,196,99,81,58,71,111,64,74,74
275,VCS1328,0,0,1,1,1,0,0,0,0,0,0,1,0,0,0,0,2,1,0,0,1,0,0
299,VCS2833,0,0,0,0,0,0,0,0,0,0,0,0,0,0,0,0,0,0,0,0,0,0,1
324,VCS2479,0,0,0,0,0,0,0,0,0,0,0,0,0,0,0,0,0,0,0,0,0,0,0
350,VCS1684,0,0,5,6,8,4,3,10,6,6,3,1,2,1,6,2,2,1,4,2,1,2,3
377,VCS2958,0,0,4,7,4,4,19,9,7,16,1,6,4,11,2,41,0,1,7,5,1,1,4
405,VCS1463,0,0,0,0,0,0,0,0,0,0,0,0,0,0,0,0,0,0,0,0,0,0,0
434,VCS1493,0,0,0,0,0,0,0,0,0,0,0,1,0,0,0,0,0,0,0,0,0,0,0
464,VCS2568,0,0,0,0,0,0,0,0,0,0,0,0,0,0,0,0,0,0,0,0,0,0,0
495,VCS2343,0,0,0,0,0,0,0,0,0,0,0,0,0,0,0,0,0,0,0,0,0,0,0
527,VCS2088,1,0,3,2,0,4,1,1,1,1,0,3,0,0,0,0,1,0,0,0,0,1,0
560,VCS2792,0,0,2,0,1,0,0,0,0,0,1,0,1,0,0,0,0,0,0,0,0,0,0
594,VCS994,0,0,0,0,0,0,0,0,0,0,0,0,0,0,0,0,1,0,0,0,0,0,0
629,VCS1015,0,0,0,0,1,0,0,0,0,0,0,0,0,0,0,0,0,0,0,0,0,0,0
665,VCS922,0,0,0,0,0,0,0,0,0,0,0,0,0,0,0,0,0,0,0,0,0,0,0
702,VCS672,0,0,0,0,0,0,0,0,0,0,0,0,0,0,0,0,0,0,0,0,0,0,0
740,VCS1477,1,21,2,10,5,48,0,0,26,0,4,4,0,29,201,0,0,14,39,0,0,0,1
779,VCS1498,0,0,0,0,8,0,0,0,0,0,0,0,3,12,0,0,0,0,0,0,0,0,0
819,VCS2403,0,1,0,0,9,1,0,0,0,0,0,4,13,3,0,0,0,0,0,1,0,0,0
860,VCS1899,0,0,7,74,2,141,4,0,16,0,0,150,0,10,779,0,0,0,5,0,0,0,0
902,VCS1748,7,11,61,64,50,48,58,36,71,31,61,45,100,33,62,57,32,42,49,44,49,15,58
945,VCS1689,0,0,19,22,26,17,18,19,24,71,59,94,134,218,346,490,155,342,427,423,514,205,376
989,VCS2606,0,1,0,0,1,3,7,2,0,4,3,1,7,3,2,1,2,0,0,2,1,4,1
1034,VCS2327,1,0,6,4,1,2,2,5,3,4,2,3,4,4,1,1,0,2,0,2,3,0,3
1080,VCS2326,0,0,0,1,0,0,2,3,1,1,2,0,1,2,2,0,0,0,0,0,0,0,0
1127,VCS1935,0,0,1,3,7,0,3,2,8,11,5,15,5,2,0,4,0,0,1,0,0,0,1
1175,VCS1529,0,0,0,0,0,3,0,0,0,0,0,0,0,0,0,0,0,0,0,0,0,0,0
1224,VCS1715,3,0,4,0,3,0,3,0,0,1,1,0,0,0,0,0,0,0,0,0,0,0,0
1274,VCS1542,0,0,0,0,0,0,0,0,0,0,0,0,0,0,0,0,0,0,0,0,0,0,0
1325,VCS1664,3,1,10,15,13,17,13,3,6,8,3,6,0,3,2,3,1,0,0,5,1,0,1
1377,VCS2609,0,0,0,0,0,0,0,3,0,1,2,0,0,0,0,0,0,0,0,0,0,0,0
1430,VCS1398,32,41,112,131,136,102,127,97,96,140,124,87,108,143,130,119,92,100,195,226,280,258,455
1484,VCS1704,0,0,0,0,0,0,0,0,0,0,0,0,0,0,0,0,0,0,0,0,0,0,0
1539,VCS2458,0,0,0,0,0,0,0,0,0,0,0,0,0,0,0,0,0,0,0,0,0,0,0
1595,VCS2250,2,0,0,1,1,1,0,0,0,1,0,1,0,2,0,1,0,0,1,1,0,1,0
1652,VCS2565,22,27,164,51,264,61,234,112,344,498,37,304,205,446,175,346,97,303,307,258,375,72,623
1710,VCS2412,190,872,1620,1472,2175,972,1546,652,919,1916,470,550,787,1169,2069,2764,521,1060,1762,1654,532,453,591
1769,GS4240,0,0,0,0,0,1,0,1,1,1,2,0,0,0,0,0,1,0,0,1,1,2,2
1829,GS3975,3,0,5,3,9,5,2,5,1,2,0,1,0,0,4,1,0,0,0,1,0,0,0
1890,VCS674,1,98,30,97,5,275,0,0,56,0,37,14,3,84,227,0,0,7,163,0,1,0,75
1952,VCS904,55,72,176,206,144,144,197,177,176,167,172,151,236,226,322,237,174,220,189,184,164,53,67
2015,VCS1848,12,18,35,138,126,35,104,17,38,86,6,170,68,33,23,55,21,18,49,28,27,8,32
2079,VCS1650,78,117,305,379,94,266,111,220,246,188,197,154,256,251,306,286,248,366,378,316,332,317,379
2144,VCS1168,94,240,307,234,422,206,298,312,263,296,291,324,279,245,307,297,246,263,243,209,255,162,174
2210,VCS2324,25,48,211,246,154,236,216,181,225,162,188,183,134,167,207,205,105,158,158,174,104,93,100
2277,VCS2510,18317,14901,37308,33714,38626,30647,36289,39706,30857,28794,41969,25737,34636,34546,35343,40453,29781,34504,24516,32978,31381,28873,25363
2345,VCS1408,20,66,78,59,50,31,74,73,50,91,59,120,86,48,54,116,53,3,65,150,34,48,4
2414,VCS1775,934,1590,2044,1816,2303,1744,2130,2048,1933,1964,2114,2089,2116,1900,2032,2012,1838,2184,2112,1408,1762,1787,1811
2484,VCS1672,97,113,189,376,344,415,451,421,471,374,401,538,359,423,310,332,361,243,175,180,354,220,311
2555,VCS1340,0,0,7,12,16,8,23,68,27,2,36,9,9,1,10,10,7,7,10,2,6,11,3
2627,VCS934,16,32,31,54,55,77,46,42,42,56,80,53,124,39,50,64,30,72,74,76,53,91,47
2700,VCS1202,8,72,75,38,107,29,123,76,76,74,76,95,107,95,78,140,49,96,107,90,62,85,77
2774,VCS1359,0,4,17,22,44,45,26,33,56,40,40,60,46,30,63,75,42,59,95,71,115,128,69
2849,VCS1215,4,14,34,13,33,5,11,23,65,67,125,32,48,69,54,50,48,65,24,49,50,32,27
2925,VCS1674,76,408,359,341,483,372,365,490,320,581,329,366,500,462,448,490,409,419,373,283,559,349,359
3002,VCS1201,0,0,10,3,2,5,8,6,17,2,3,13,8,7,16,6,11,5,14,10,4,2,12
3080,VCS1900,14,54,6,12,37,0,22,7,0,24,10,1,3,0,1,14,0,8,2,15,29,3,0
3159,VCS1897,254,718,834,793,730,659,698,760,799,752,658,618,648,412,514,509,387,418,402,257,343,314,250
3239,VCS2538,1640,3644,3774,3756,3959,3751,3982,4091,3971,4390,4299,4188,3941,4347,3502,4307,4465,4043,4469,3198,4584,4305,3440
3320,VCS2363,0,0,0,0,0,0,0,0,0,0,0,3,0,0,0,0,0,0,0,4,1,5,1
3402,VCS562,0,0,13,0,17,0,41,9,0,5,0,0,0,0,1,0,0,0,0,20,6,0,0
3485,VCS612,8,0,30,5,25,1,45,12,0,2,0,1,1,0,0,5,1,3,0,10,11,0,0
3569,VCS902,507,947,837,1158,1256,1551,1417,1903,1851,1751,1993,1390,1537,1448,1481,871,1039,1255,835,479,1073,1061,1102
3654,VCS1311,2,109,71,42,103,134,124,105,179,347,407,282,316,310,363,362,378,265,420,428,327,515,459
3740,VCS1047,5,43,24,15,46,70,74,58,60,110,124,96,94,103,142,249,110,240,116,141,98,163,185
3827,VCS1325,2,85,197,51,140,42,140,121,173,98,82,137,150,119,125,85,101,124,104,111,182,137,92
3915,VCS1532,384,974,1392,1405,1368,1217,1213,1368,1180,1103,1562,1397,1431,1150,1323,1286,1235,1147,1140,730,952,580,729
4004,VCS673,1,10,21,5,23,19,4,15,10,6,8,12,16,16,10,5,1,8,6,14,12,1,7
4094,VCS2085,1,2,0,3,5,3,7,5,4,3,3,4,3,3,4,0,2,0,0,0,1,0,1
4185,VCS721,0,0,0,0,0,1,0,1,0,0,1,0,2,0,1,0,0,0,0,0,0,0,0
4277,VCS720,0,0,0,0,0,0,0,0,0,0,0,0,0,0,0,0,0,0,0,0,0,0,0
4370,VCS1339,0,0,0,1,0,0,0,0,0,0,0,0,0,0,0,0,0,0,0,0,0,0,0
4464,GS3007,0,0,0,0,0,0,0,0,0,0,0,0,0,0,0,0,0,0,0,0,0,0,0
4559,GS2990,0,2,1,24,50,13,1,8,21,20,25,35,9,29,6,2,6,2,1,0,0,0,1
4655,VCS594,0,0,0,1,0,0,0,0,0,0,0,0,0,0,0,0,0,0,0,0,0,0,0
4752,VCS596,0,0,0,0,0,0,0,0,0,0,0,0,0,0,0,0,0,0,0,0,0,0,0
4850,VCS595,0,0,0,0,0,0,0,0,0,0,0,0,0,0,0,0,0,0,0,0,0,0,0
4949,VCS737,0,0,0,0,0,0,0,0,0,0,0,0,0,0,0,0,0,0,0,0,0,0,0
5049,VCS899,0,0,0,0,0,0,0,1,1,0,0,0,1,0,0,0,0,0,0,0,0,0,0
5150,VCS597,0,0,0,0,0,0,0,0,0,0,0,0,0,0,0,0,0,0,0,0,0,0,0
5252,VCS799,0,3,1,1,2,0,2,0,1,0,0,0,0,0,0,0,0,0,0,0,1,2,0
5355,VCS2929,14,7,44,32,31,15,25,32,30,8,16,16,18,12,21,18,11,31,21,18,36,34,14
5459,VCS2928,3,6,16,3,11,14,9,28,16,4,8,13,19,14,12,16,22,14,18,15,4,11,1
5564,VCS2410,9,18,16,17,27,11,31,23,8,29,20,13,26,3,28,18,9,16,9,20,13,14,14
5670,VCS987,3,4,5,5,3,6,6,14,3,11,5,8,2,0,0,0,1,2,0,0,0,2,0
5777,VCS1327,6,24,20,10,22,15,20,17,21,31,21,13,18,21,22,35,21,31,25,20,27,11,7
5885,VCS2382,0,0,0,0,0,0,0,0,0,0,0,0,0,0,1,0,0,0,0,0,0,0,0
5994,VCS2319,4,14,48,36,36,30,30,20,25,39,43,34,30,22,37,30,37,48,30,39,20,25,21
6104,VCS2971,0,1,19,10,11,2,10,5,9,4,9,11,4,5,11,10,8,12,6,6,6,8,5
6215,VCS2401,2,11,22,24,8,27,22,16,26,13,27,42,19,28,16,25,22,15,20,22,12,7,17
6327,VCS1343,0,0,0,0,0,0,0,0,0,0,0,0,0,0,0,0,0,0,0,0,0,0,0
6440,VCS3602,5,0,17,2,20,2,13,16,30,24,3,29,0,2,45,32,6,1,1,8,68,3,5
6554,VCS2619,0,0,0,2,0,1,1,0,0,0,1,1,0,1,0,0,0,0,0,0,0,0,0
6669,GS10220,1,0,0,0,0,0,0,0,0,0,0,0,0,0,0,0,0,0,0,0,0,0,0
6785,VCS142,19,18,25,14,48,10,11,5,78,7,4,0,0,0,2,2,1,7,4,21,60,59,15
6902,VCS1318,0,0,0,1,1,1,1,0,0,0,0,0,0,1,0,0,0,1,2,0,0,0,0
7020,VCS996,1,0,0,0,1,0,0,0,1,0,0,0,0,0,0,0,0,0,0,0,0,0,0
7139,VCS824,0,0,0,0,0,0,0,0,2,0,0,0,0,0,0,0,1,1,1,0,1,0,0
7259,VCS825,0,0,0,1,0,0,0,0,0,0,0,0,0,0,0,0,0,0,0,0,0,0,0
7380,VCS827,0,0,0,0,0,1,0,0,0,0,0,0,1,0,0,0,1,0,0,0,0,0,0
7502,VCS826,0,0,0,0,0,0,0,0,0,0,0,0,0,0,0,0,0,0,0,0,0,0,0
7625,VCS993,0,0,0,0,1,0,0,0,1,1,0,0,0,0,0,0,1,0,0,0,0,0,0
7749,VCS995,0,1,0,1,1,0,0,0,0,0,0,1,0,0,0,0,0,0,1,0,0,0,0
7874,VCS829,0,0,0,0,0,0,0,0,0,0,0,0,0,0,0,0,0,0,0,0,0,0,0
8000,VCS2623,1,0,0,2,0,0,1,0,0,0,1,0,0,0,0,0,0,0,3,1,0,0,0
8127,VCS2338,0,0,0,0,0,0,0,0,0,0,0,0,0,0,0,0,0,0,0,0,0,0,0
8255,VCS2471,0,0,0,0,0,0,0,0,0,0,0,0,0,0,0,0,0,0,0,0,0,0,0
8384,GS11154,7,12,15,17,12,17,20,20,17,16,29,17,16,17,13,9,20,19,17,13,29,19,15
8514,VCS2897,0,0,0,0,0,0,0,0,0,0,0,0,0,0,0,0,0,0,1,0,0,0,0
8645,VCS1052,0,0,0,0,0,0,0,0,0,0,0,0,0,0,0,0,0,0,0,0,0,0,0
8646,VCS1389,0,0,1,1,0,0,3,0,0,0,1,0,0,0,0,1,0,0,1,0,0,0,0
8648,VCS1395,0,0,0,0,0,0,0,0,0,0,1,0,0,0,0,0,0,0,0,0,0,0,0
8651,VCS1392,0,0,0,0,0,0,0,0,0,0,0,1,0,0,0,0,0,0,0,0,0,0,0
8655,VCS1390,0,0,4,0,0,0,1,0,0,0,1,1,0,0,0,25,0,2,5,19,0,2,3
8660,VCS1400,0,0,0,0,0,0,0,0,0,0,0,0,0,0,0,0,0,0,0,0,0,0,0
8666,VCS1399,0,0,0,0,1,0,0,0,0,0,0,0,0,0,0,0,0,0,0,0,0,0,0
8673,VCS1391,0,0,0,0,0,0,0,0,0,0,0,0,0,0,0,0,0,0,0,0,0,0,0
8681,VCS999,0,0,0,0,0,2,0,0,0,0,1,0,0,0,0,0,1,0,1,2,0,0,0
8690,VCS1175,0,0,0,0,0,0,0,0,0,0,0,0,0,0,0,0,0,0,1,0,0,0,0
8700,VCS2872,0,0,14,86,23,13,74,27,4,22,23,16,6,25,4,27,28,34,8,31,21,36,27
8711,VCS1806,1,0,0,0,0,0,0,0,0,0,0,0,0,0,0,0,0,0,0,0,0,0,0
8723,VCS868,22,271,393,351,676,243,533,363,212,420,298,489,309,341,403,508,400,405,515,570,607,419,588
8736,VCS985,0,1,0,1,6,0,1,2,1,3,1,0,0,0,0,0,2,0,1,1,1,2,3
8750,VCS1067,1,43,9,16,21,39,38,12,11,47,4,10,11,8,12,9,10,9,10,23,5,7,4
8765,VCS1133,0,0,0,0,0,0,0,0,0,0,0,0,0,0,0,0,0,0,0,0,0,0,0
8781,VCS1115,5,33,21,59,29,27,25,46,77,19,26,21,27,43,53,26,45,9,21,10,5,10,64
8798,VCS1811,94,264,287,577,242,258,170,337,508,245,215,200,144,271,508,330,413,139,117,81,79,115,508
8816,VCS1503,0,3,21,34,24,33,33,2,11,44,4,3,4,10,155,75,203,67,411,175,255,300,243
8835,VCS1657,1,0,0,0,0,0,0,0,0,0,0,0,0,0,0,0,0,0,0,0,0,0,0
8855,VCS1765,0,0,1,0,1,1,0,0,0,0,0,0,0,0,1,0,0,0,0,0,0,1,0
8876,VCS856,0,0,2,0,0,0,1,0,1,1,1,1,0,0,1,2,1,0,2,3,0,0,0
8898,VCS1118,0,19,8,21,41,29,26,38,9,26,11,9,10,28,30,54,46,67,28,42,36,47,49
8921,VCS2566,23,458,10,95,76,43,74,49,60,233,91,42,44,58,133,71,27,23,163,1389,169,1,380
8945,VCS2317,0,0,0,0,1,0,0,0,0,0,0,0,0,0,0,0,0,0,0,0,0,0,0
8970,ER123,2132,2211,2587,1852,3069,1843,6425,2749,499,9718,1938,6233,1355,3104,2661,4698,5092,1613,4843,2648,3311,1931,2437
8996,ER55,2,0,10,67,15,2,43,19,11,20,9,9,24,18,12,23,20,17,14,28,6,18,14
9023,ER53,0,2,36,44,9,6,54,25,0,20,13,21,23,11,9,40,18,29,9,18,7,29,19
9051,ER99,0,0,33,11,1,0,3,1,0,0,1,1,1,4,3,24,3,10,20,20,0,0,3
9080,ER64,0,0,5,10,2,2,8,3,1,7,1,0,6,1,6,2,0,3,6,4,0,3,0
9110,ER89,0,0,0,0,0,0,0,0,0,0,0,0,0,0,0,0,0,0,0,0,0,0,0
9141,ER102,0,0,5,20,8,7,7,11,4,5,6,6,9,4,1,11,8,18,1,8,6,7,5
9173,ER118,0,0,1,4,0,1,8,0,0,1,1,1,2,0,0,2,0,2,0,0,0,1,2
9206,ER100,0,2,12,17,6,0,9,6,2,3,2,0,4,2,4,6,2,6,0,4,1,5,0
9240,ER22,0,0,0,0,0,0,0,0,0,0,0,0,0,0,0,0,0,0,0,0,0,0,0
9275,ER67,0,0,4,15,0,0,2,1,3,1,0,0,0,0,0,1,1,0,0,0,1,0,4
9311,ER125,0,2,0,2,2,0,1,1,0,1,0,2,1,1,0,2,3,1,5,1,3,3,1
9348,ER137,0,0,5,5,8,2,5,3,2,32,2,1,0,1,3,0,4,4,4,5,5,9,0
9386,ER139,0,4,3,3,0,5,1,0,0,16,0,0,1,0,0,0,3,0,0,2,9,1,0
9425,ER130,0,6,9,8,13,13,6,17,9,10,16,15,9,16,15,9,22,12,25,25,28,18,34
9465,ER143,2,20,21,27,63,27,29,119,32,88,23,57,29,38,20,39,25,21,38,60,42,44,12
9506,ER117,0,0,0,0,0,0,0,0,0,0,0,0,0,0,0,0,0,0,0,0,0,0,0
9548,ER114,0,0,1,2,0,1,0,1,0,0,1,1,1,1,0,3,1,0,0,1,0,3,0
9591,ER148,0,1,16,7,3,6,15,4,6,9,5,3,13,1,3,20,9,15,8,12,6,4,13
9635,VCS1396,0,0,0,0,0,0,0,0,0,0,0,0,0,0,0,0,0,0,0,0,0,0,0
9680,VCS2502,0,0,1,1,0,0,1,3,0,1,0,0,1,0,3,0,0,0,1,1,0,1,0
9726,VCS2278,0,1,2,2,5,1,5,4,0,1,2,0,4,2,0,0,0,1,5,4,5,15,4
9773,VCS818,0,0,0,0,0,0,0,1,0,1,0,0,0,0,0,0,0,0,0,0,0,0,0
9821,VCS832,15,39,109,102,17,20,32,48,15,18,6,8,3,11,23,13,10,24,23,21,64,9,24
9870,VCS875,4,6,4,18,10,9,16,0,2,11,2,0,0,2,4,0,5,1,6,1,3,7,1
9920,VCS1382,0,2,5,4,7,2,1,3,0,0,3,4,2,0,6,4,4,1,6,3,6,12,7
9971,VCS963,0,10,7,3,15,9,15,20,4,18,6,7,6,12,12,34,9,19,14,25,46,71,17
10023,VCS1112,0,7,6,3,11,5,12,5,9,14,3,1,9,3,9,13,10,5,5,3,8,7,7
10076,VCS1113,0,4,5,4,5,17,13,12,6,15,9,5,15,14,12,15,15,12,6,7,6,6,15
10130,VCS2290,1,0,0,0,1,1,2,4,1,0,0,1,1,3,0,1,3,1,2,3,1,1,4
10185,VCS2723,0,0,0,0,0,0,0,0,0,0,0,0,0,0,0,0,0,0,0,0,0,0,0
10241,BCR14-002,0,0,0,0,0,0,0,1,0,0,0,0,0,0,0,1,2,0,1,0,0,0,0
10298,VCS1566,58,68,198,279,172,100,353,199,130,171,164,173,227,223,191,221,210,209,149,270,172,194,140
10356,VCS1403,1016,4636,9339,8097,7204,5160,9189,4748,3142,4364,3678,3104,4360,2054,1447,2610,3357,2732,3900,4794,3430,2304,1875
10415,VCS953,0,0,0,1,0,1,1,1,2,0,0,0,0,0,0,0,3,0,1,0,0,1,6
10475,VCS1218,0,5,3,8,2,1,3,6,1,2,2,9,6,0,3,1,1,0,0,2,2,0,6
10536,VCS844,0,0,0,0,0,0,0,0,0,0,0,0,0,0,0,0,0,0,0,0,0,1,0
10598,VCS3506,680,2376,2307,6282,2875,2652,3413,2632,2274,6909,4327,2345,1604,1467,2121,4279,3039,3056,5119,4623,3980,4435,6441
10661,VCS2558,1,15,10,8,31,20,13,24,29,26,6,15,16,10,12,13,19,4,12,12,5,4,17
10725,VCS1686,0,0,1,2,3,0,1,0,2,0,0,0,0,0,0,3,3,3,0,2,4,13,2
10790,VCS1094,1,14,18,5,16,10,15,11,17,11,13,11,19,8,16,21,22,17,11,16,9,18,22
10856,VCS1953,19,35,51,32,45,36,146,39,10,26,3,14,8,17,38,23,24,7,24,16,12,2,16
10923,VCS1654,0,0,0,0,0,0,0,0,1,8,5,0,0,0,6,3,0,1,3,2,0,3,0
10991,VCS3002,0,1,7,5,8,0,2,4,2,1,1,0,1,2,0,0,2,3,1,2,5,3,2
11060,VCS1571,0,0,2,6,12,2,4,1,2,0,0,0,0,0,0,0,7,0,17,3,20,4,11
11130,VCS1329,0,4,1,3,7,0,7,1,7,0,1,1,1,5,14,1,2,1,3,0,1,2,5
11201,VCS981,0,27,35,45,36,26,30,46,48,41,24,41,51,43,61,85,73,53,21,56,12,36,73
11273,VCS977,2,13,15,25,16,9,13,26,30,11,9,23,21,29,15,25,49,23,9,21,5,78,142
11346,VCS2252,0,0,1,1,2,6,2,1,1,0,1,0,3,5,7,5,12,20,6,5,12,23,44
11420,VCS2508,1,6,1,7,46,4,19,4,5,11,0,0,1,0,26,13,0,2,21,16,11,31,10
11495,VCS2373,0,0,0,0,0,0,1,0,0,0,0,0,0,0,0,0,0,0,1,0,0,0,0
11571,VCS1695,0,0,0,0,0,0,0,0,0,0,0,0,0,0,0,0,0,0,0,0,0,0,0
11648,VCS944,0,0,5,2,5,1,4,1,0,2,5,7,2,2,1,0,0,0,3,0,2,4,0
11726,VCS958,0,1,3,0,7,7,5,5,8,12,10,11,7,6,5,6,2,8,4,8,8,4,15
11805,VCS1360,0,3,6,3,9,20,33,23,18,44,18,44,35,44,82,45,54,90,156,122,78,114,103
11885,VCS1799,0,4,4,4,3,1,10,3,2,0,0,4,6,2,5,8,11,17,15,19,10,7,6
11966,VCS1882,0,0,0,1,0,2,1,0,0,0,0,3,0,1,0,1,0,0,0,0,0,1,0
12048,VCS886,0,0,0,0,0,0,0,0,0,0,0,0,0,0,0,0,0,0,0,0,0,0,0
12131,VCS961,0,0,3,0,0,0,0,0,0,3,0,0,0,0,0,0,0,0,0,0,0,0,1
12215,VCS920,0,0,1,1,1,1,0,0,0,0,0,2,0,0,0,0,1,0,0,0,1,0,0
12300,VCS1429,0,0,0,0,0,0,0,0,0,0,0,0,0,0,0,0,0,0,0,0,0,0,0
12386,VCS1233,4,17,19,21,22,3,14,6,6,9,8,6,4,0,0,1,0,2,0,0,0,0,0
12473,VCS1869,20,2,9,64,10,6,60,2,1,21,0,0,1,2,1,5,0,0,0,1,0,0,6
12561,VCS658,0,2,7,4,19,8,4,9,4,2,0,1,1,0,2,1,2,1,1,1,1,3,2
12650,VCS576,11,9,16,30,22,9,16,13,4,3,3,3,9,5,13,15,7,10,2,59,9,15,6
12740,VCS665,0,0,2,0,0,0,0,0,0,0,0,0,0,0,0,0,0,0,0,0,0,0,0
12831,VCS1397,0,0,0,0,0,0,0,0,0,0,0,0,0,0,0,0,0,0,0,0,0,0,0
12923,GS3025,0,0,0,0,0,0,0,0,0,0,0,0,0,0,0,0,0,0,0,0,0,0,0
13016,VCS796,0,5,11,4,3,2,6,4,4,9,2,6,1,4,4,4,1,2,1,2,1,3,0
13110,VCS1496,0,10,15,10,3,10,11,9,5,15,8,11,3,10,7,6,5,6,4,5,6,3,1
13205,VCS687,0,0,0,0,0,0,0,0,0,0,0,0,0,0,0,0,0,0,0,0,0,0,0
13301,VCS962,0,3,4,1,0,1,0,2,1,0,0,3,0,0,0,0,1,1,0,0,0,0,0
13398,VCS959,0,0,1,4,2,0,0,0,0,2,0,0,0,0,1,0,0,0,0,0,0,0,0
13496,VCS965,0,0,0,0,0,0,0,0,0,0,0,0,0,0,0,0,0,0,0,0,0,0,0
13595,VCS960,0,3,12,6,5,1,1,2,0,2,1,0,0,0,2,3,0,0,2,0,0,0,3
13695,VCS2610,5,4,8,12,2,7,12,2,6,4,13,2,4,1,4,8,10,16,5,14,5,6,2
13796,VCS3727,2,0,2,4,0,4,7,2,7,15,0,2,0,4,0,1,0,1,0,1,0,0,0
13898,VCS2079,0,0,1,1,2,2,6,0,0,0,0,3,3,0,0,0,0,0,0,0,0,0,0
14001,VCS1663,0,0,0,0,0,0,0,0,0,0,0,0,0,0,0,0,0,0,0,0,0,0,0
14105,VCS2790,15,16,4,39,29,17,23,24,10,1,10,9,7,12,8,4,27,3,10,28,25,28,47
14210,VCS3350,0,0,0,0,1,0,0,0,0,1,0,0,0,0,0,0,2,0,2,0,0,5,0
14316,VCS1969,72,130,139,69,112,113,348,99,25,65,14,84,11,38,75,46,45,61,71,50,45,65,86
14423,VCS1055,1,3,1,6,1,2,0,0,0,1,2,0,0,0,0,0,5,0,0,0,0,7,0
14531,ER15,0,0,0,0,0,0,0,0,0,0,0,0,0,2,0,1,0,0,0,0,0,0,1
14640,ER30,0,0,0,0,0,0,0,0,0,0,0,0,0,0,0,0,0,0,0,0,0,0,0
14750,ER43,0,0,0,0,0,0,0,0,0,0,0,0,0,0,0,0,0,0,0,0,0,0,0
14861,ER19,0,0,0,0,0,0,1,0,0,2,0,0,0,0,0,0,0,1,0,0,0,0,0
14973,ER49,0,0,0,0,0,0,0,0,0,0,0,0,0,0,0,0,0,0,0,0,0,0,0
15086,ER68,0,1,2,2,9,0,2,0,4,2,0,4,0,0,0,1,1,1,0,0,0,0,0
15200,ER73,1,2,2,4,1,4,1,2,12,23,7,6,1,4,2,11,3,3,1,0,1,0,0
15315,VCS2532,20,36,20,21,32,12,35,13,16,19,15,43,18,29,1,1,4,2,0,2,0,1,1
15431,VCS1378,0,0,0,0,0,0,0,0,0,0,0,0,0,0,0,0,0,0,0,0,0,0,0
15548,VCS1530,0,2,4,3,2,2,3,3,0,2,0,0,3,0,3,0,0,0,1,0,0,2,0
15666,ER75,1,0,0,0,0,0,2,0,0,1,0,0,1,0,0,0,0,0,0,0,0,0,0
15785,ER13,0,0,0,0,0,0,0,0,3,0,0,0,0,0,0,0,0,0,0,0,0,0,0
15905,ER59,0,0,0,0,0,0,0,0,0,0,0,0,0,0,0,0,0,0,0,0,0,0,0
16026,ER46,0,0,0,1,0,0,0,0,0,0,0,1,0,0,0,0,0,0,0,0,0,0,0
16148,ER97,0,0,0,1,0,0,0,0,0,0,0,0,1,1,0,0,0,0,0,0,0,0,0
16271,VCS2469,0,11,17,8,4,8,13,3,2,3,0,0,1,0,2,3,3,5,7,2,3,0,7
16395,VCS2361,8,15,115,14,14,20,61,25,15,14,9,13,11,3,21,11,26,13,20,24,10,9,18
16520,VCS2498,6,5,12,5,9,11,7,2,5,6,4,3,8,3,6,13,12,7,11,6,3,1,1
16646,VCS2496,0,0,0,1,0,0,0,0,0,0,2,0,0,0,0,0,0,0,0,0,0,0,0
16773,VCS2556,0,3,4,2,5,3,2,3,3,9,2,4,2,1,0,3,2,1,5,6,0,1,0
16901,VCS1351,0,0,0,0,0,0,0,0,0,0,0,0,0,0,0,0,0,0,0,0,0,0,0
17030,VCS2411,0,1,0,0,0,0,0,0,0,0,0,0,0,0,0,0,0,0,0,0,0,0,0
17160,VCS1543,0,0,0,0,4,1,0,0,4,3,3,0,0,0,0,0,0,0,0,0,0,0,0
17291,VCS2992,0,0,0,0,0,0,0,0,0,0,0,0,0,0,0,0,0,0,0,0,0,0,0
17423,VCS2576,0,0,0,0,0,0,0,0,0,0,0,0,0,0,0,0,0,0,0,0,0,0,0
17556,VCS738,0,0,0,0,0,0,0,0,0,0,0,0,0,0,1,0,0,0,0,0,0,0,0
17690,VCS1317,0,0,0,0,0,0,0,0,0,0,0,0,0,0,0,0,0,0,0,0,0,0,0
17825,VCS1682,3,1,0,0,3,1,1,0,0,0,0,0,0,1,4,0,0,0,0,1,0,0,0
17961,ER29,0,0,0,0,1,1,0,0,0,0,0,0,0,0,0,0,0,0,0,0,0,0,0
18098,VCS1000,0,0,0,0,0,0,0,0,0,0,0,0,0,0,0,0,0,0,0,0,0,0,0
18236,VCS2345,0,0,0,0,0,0,0,0,0,0,0,0,0,0,0,0,0,0,0,0,0,0,0
18375,VCS1769,0,2,1,4,1,1,1,0,4,1,1,1,0,0,0,2,0,5,0,1,0,0,0
18515,VCS1147,0,5,3,0,1,2,1,2,1,3,0,2,1,2,2,2,2,0,4,1,5,2,2
18656,VCS2547,0,0,0,0,0,0,0,0,0,0,0,0,0,0,0,0,0,0,0,0,0,0,0
18798,VCS2386,0,0,0,0,0,0,0,0,0,0,0,0,0,0,0,0,0,0,0,0,0,0,0
18941,ACR424,0,0,0,0,0,0,0,0,0,0,0,0,0,0,0,0,0,0,0,0,0,0,0
19085,ACR272,0,0,0,0,0,0,0,0,0,0,0,0,0,0,0,0,0,0,0,0,0,0,0
19230,VCS919,0,0,0,0,0,0,0,0,0,0,1,0,0,0,0,0,0,0,0,0,0,0,0
19376,ACR115,0,0,0,2,0,0,0,0,0,0,0,0,0,0,0,0,0,0,0,0,0,0,0
19523,VCS839,0,0,0,0,0,0,0,0,0,0,0,0,0,0,0,0,0,0,0,0,0,0,0
19671,VCS838,0,0,0,0,0,0,0,0,0,0,0,0,0,0,0,0,0,0,0,0,0,0,0
19820,VCS1141,5,8,15,0,9,3,5,2,15,3,11,6,3,3,2,3,2,3,5,2,2,2,2
19970,VCS1414,0,0,0,0,0,0,0,0,0,0,0,0,0,0,0,0,0,0,0,0,0,0,0
20121,CAR1217,0,0,0,0,0,0,0,0,0,0,0,0,0,0,0,0,0,0,0,0,0,0,0
20273,CAR683,0,0,0,0,2,0,0,0,0,0,0,1,0,2,0,0,2,1,0,0,0,0,0
20426,CAR672,0,0,0,0,0,0,0,0,0,0,0,0,0,0,0,0,0,0,0,0,0,0,0
20580,CAR505,0,0,34,0,0,0,0,0,5,0,1,10,0,5,1,4,0,0,3,2,4,0,0
20735,CAR676,0,0,0,0,0,0,0,0,0,0,1,0,0,0,0,0,1,0,2,0,0,0,0
20891,CAR102,0,0,0,0,0,0,0,2,0,0,0,0,1,0,0,0,0,0,0,0,0,0,0
21048,CAR1392,0,0,4,0,1,1,0,0,0,0,0,12,0,0,0,0,1,0,1,0,0,0,6
21206,CAR1438,0,0,0,0,0,0,0,0,0,0,0,0,0,0,0,0,0,0,0,0,0,0,0
21365,GS3260,0,0,0,0,0,0,0,0,0,0,0,0,0,0,0,0,0,0,0,0,0,0,0
21525,ACR586,0,0,0,0,0,0,0,0,0,0,0,0,0,0,0,0,0,0,0,0,0,0,0
21686,ACR374,0,0,0,0,0,0,0,0,0,0,0,0,0,0,0,0,0,0,0,0,0,0,0
21848,ACR519,0,0,0,0,0,0,0,0,0,0,0,0,0,0,0,0,0,0,0,0,0,0,0
22011,ACR509,0,0,1,0,2,1,1,0,0,0,0,0,0,1,2,0,0,2,0,0,1,2,1
22175,ACR483,0,0,0,0,2,2,1,2,1,6,1,0,1,1,0,1,5,0,5,1,3,2,1
22340,ACR539,0,0,0,0,0,0,0,0,0,0,0,0,0,0,1,0,0,0,0,0,0,0,0
22506,ACR441,0,0,1,1,0,0,1,0,0,0,0,0,0,0,0,0,2,0,1,0,2,0,0
22673,ACR574,0,0,0,0,0,2,0,0,0,0,0,0,0,0,0,0,0,0,0,0,0,0,2
22841,ACR422,0,0,0,0,0,0,0,0,0,0,0,0,0,0,0,0,0,0,0,0,0,0,0
23010,ACR389,0,0,0,2,0,2,1,0,0,0,0,0,0,1,0,0,0,0,0,0,0,0,2
23180,ACR595,1,0,0,0,0,2,2,0,0,0,0,3,0,1,0,1,0,0,0,0,0,0,3
23351,ACR687,0,0,0,0,0,0,0,0,0,0,0,0,0,0,0,0,0,0,0,0,0,0,0
23523,VCS1377,0,0,0,0,0,0,0,0,0,0,0,0,0,0,0,0,0,0,0,0,0,0,0
23696,VCS1060,0,0,0,1,0,0,0,0,1,0,0,8,6,2,0,0,0,0,0,0,1,0,0
23870,VCS607,5,1,4,2,1,5,7,9,5,0,6,0,2,12,24,0,0,131,1,1,345,38,0
24045,VCS1541,36,98,1508,112,1063,172,608,439,569,235,355,286,537,192,196,242,355,161,409,409,194,80,523
24221,VCS1384,33,44,1101,105,529,152,296,471,664,205,355,214,317,162,243,240,208,146,259,390,141,138,245
24398,ACR518,0,0,0,0,0,0,0,0,0,0,0,0,0,0,0,0,0,0,0,0,0,0,0
24576,ACR398,0,0,0,0,0,0,0,0,0,0,0,0,0,0,0,0,0,0,0,0,0,0,0
24755,ACR375,0,0,0,0,0,0,0,0,0,0,0,0,0,0,0,0,0,0,0,0,0,0,0
24935,ACR386,0,0,0,0,0,0,0,0,0,0,0,0,0,0,0,0,0,1,0,0,0,0,0
25116,ACR459,0,0,0,0,0,0,0,0,0,0,0,0,0,0,0,0,0,0,0,0,0,0,0
25298,ACR499,0,0,0,0,0,0,0,0,0,0,0,0,0,0,0,0,0,0,0,0,0,0,0
25481,ACR376,0,0,0,0,0,1,0,0,0,0,0,0,0,0,0,0,0,0,0,0,0,0,0
25665,ACR368,0,0,0,0,0,0,0,0,0,0,0,0,0,0,0,0,0,0,0,0,0,0,0
25850,ACR534,0,0,0,0,0,0,0,0,0,0,0,0,0,0,0,0,0,0,0,0,0,0,0
26036,VCS1085,0,0,1,0,0,0,0,0,0,0,0,0,0,0,0,0,0,0,0,0,0,0,0
26223,VCS514,2,2,3,5,6,9,13,12,9,5,3,2,10,3,3,0,2,4,0,1,0,0,0
26411,VCS2365,0,0,9,2,8,0,0,2,2,1,2,0,2,0,0,2,0,0,0,3,0,0,0
26600,VCS1740,0,1,9,2,10,2,7,4,6,3,5,3,17,22,32,16,37,18,9,4,4,1,5
26790,VCS2481,0,0,1,0,1,0,2,2,2,1,1,2,0,0,1,1,0,0,0,0,0,0,1
26981,VCS1558,83,85,954,255,777,450,695,725,387,505,593,337,801,239,250,593,386,234,411,515,244,207,405
27173,VCS1538,0,0,0,1,0,0,0,1,0,0,2,4,0,0,0,0,0,0,0,0,1,0,0
27366,ACR262,1,0,0,0,0,0,0,1,0,0,1,0,0,0,0,0,0,0,1,0,1,0,0
27560,ACR282,1,0,0,0,0,0,0,0,2,0,0,0,0,0,0,0,0,0,0,0,0,0,0
27755,ACR276,0,0,0,0,1,0,0,0,0,5,0,3,0,0,0,0,0,0,0,0,1,0,0
27951,ACR280,13,5,2,0,1,1,0,0,4,0,0,3,0,3,1,0,0,2,0,0,0,0,12
28148,ACR373,0,0,0,0,0,0,0,0,0,0,0,0,0,0,0,0,0,0,0,0,0,0,0
28346,ACR267,5,0,0,0,0,0,0,0,2,1,0,4,0,0,0,0,2,1,0,0,1,0,6
28545,ACR393,0,0,0,0,0,0,0,0,0,0,0,0,0,0,0,0,0,0,0,0,0,0,0
28745,ACR281,0,0,0,0,0,0,0,0,0,0,0,0,0,0,0,0,0,0,0,0,0,0,0
28946,ACR437,21,4,4,6,3,4,4,11,13,18,5,7,6,8,4,20,5,11,24,3,8,8,14
29148,ACR425,0,0,0,0,0,0,0,0,0,0,0,0,0,0,0,0,0,0,0,0,0,0,0
29351,ACR202,0,0,0,0,0,0,0,0,0,0,0,0,0,0,0,0,0,0,0,0,0,0,0
29555,ACR458,0,0,0,0,0,0,0,0,0,0,0,0,0,0,0,0,0,0,0,0,0,0,0
29760,ACR439,0,0,0,0,0,0,1,0,1,0,0,0,0,0,0,0,0,0,0,0,0,0,0
29966,ACR549,0,0,0,0,0,0,0,0,0,0,0,0,0,0,0,0,0,0,0,0,0,0,0
30173,ACR200,0,0,0,0,0,0,0,0,0,0,0,0,0,0,0,0,0,0,0,0,0,0,0
30381,ACR288,0,0,0,1,0,1,0,0,0,1,0,0,0,0,0,0,0,0,0,0,0,0,0
30590,ACR377,0,0,0,0,0,0,0,0,0,0,0,0,0,0,0,0,0,0,0,0,0,0,0
30800,ACR292,0,0,0,0,0,0,0,3,0,0,0,0,0,0,0,0,0,0,0,0,0,0,0
31011,ACR279,0,0,1,0,0,0,0,1,0,0,0,0,0,0,0,0,0,0,0,0,0,0,0
31223,ACR248,1,1,0,3,2,1,3,7,0,1,0,0,3,0,0,4,3,0,0,0,0,1,2
31436,ACR360,0,0,0,0,1,0,0,0,0,0,0,0,0,0,0,2,2,0,0,0,0,0,0
31650,ACR255,43,29,63,62,38,76,144,90,41,40,14,16,6,240,834,17,82,47,296,135,1117,62,80
31865,ACR428,0,0,0,0,0,0,0,0,0,0,0,0,0,0,0,0,0,0,0,0,0,0,0
32081,ACR395,0,0,0,0,0,0,0,0,0,0,0,0,0,0,0,0,0,0,0,0,0,0,0
32298,ACR416,2,3,0,0,1,0,0,0,0,0,0,0,0,1,0,0,0,0,0,0,0,0,0
32516,ACR554,0,0,0,0,0,0,0,0,0,0,0,0,3,0,0,0,0,0,0,2,0,0,0
32735,ACR247,0,0,0,0,0,0,0,0,0,0,0,0,0,0,0,0,0,0,0,0,0,0,0
32955,ACR413,0,1,0,0,0,0,0,0,0,0,0,0,0,1,0,0,0,0,0,0,0,0,0
33176,ACR361,0,0,0,0,0,0,0,0,0,0,0,0,0,0,0,0,0,0,0,0,0,0,0
33398,ACR603,0,0,0,0,0,0,0,0,0,0,0,0,0,0,0,0,0,0,0,0,0,0,0
33621,ACR570,0,0,0,0,0,0,1,0,0,0,0,0,0,0,0,0,0,0,0,0,0,0,0
33845,ACR423,0,0,0,0,0,0,0,0,0,0,0,0,0,0,0,0,0,0,0,0,0,0,0
34070,ACR251,0,0,0,0,0,0,0,0,0,0,0,0,0,0,0,0,0,0,0,0,0,0,0
34296,ACR287,1,0,0,1,0,0,1,0,1,0,0,1,2,1,1,1,5,2,0,1,0,0,1
34523,ACR192,0,0,0,0,0,1,2,0,1,0,0,0,0,0,0,0,0,0,1,0,0,0,0
34751,ACR268,7,4,5,4,0,5,7,27,7,28,38,14,25,73,24,23,14,5,11,7,8,15,8
34980,ACR269,3,22,18,6,6,5,3,9,11,12,1,9,19,7,89,37,53,1,2,0,1,8,2
35210,ACR265,0,0,0,0,1,0,1,0,2,0,0,0,0,0,0,0,0,0,0,0,0,0,1
35441,ACR266,0,1,0,0,3,2,1,2,2,0,3,0,0,4,1,3,3,7,1,4,5,3,2
35673,ACR182,0,0,0,0,0,0,0,0,0,0,0,0,0,0,0,1,0,0,0,0,0,0,0
35906,ACR396,1,0,0,2,0,0,0,0,0,0,0,0,0,2,0,0,1,0,0,0,0,0,0
36140,ACR210,0,0,0,0,0,0,0,0,0,0,0,0,0,0,0,0,0,0,0,0,0,0,0
36375,ACR378,0,0,0,0,0,0,0,0,0,0,0,0,0,0,0,0,0,0,0,0,0,0,0
36611,ACR189,0,0,0,0,0,0,0,0,0,0,0,0,0,0,0,0,0,0,0,0,0,0,0
36848,ACR173,0,0,1,0,0,0,0,1,0,0,0,0,0,0,0,0,0,0,0,0,0,0,0
37086,ACR427,0,0,0,0,0,0,0,0,0,0,0,0,0,0,0,0,0,0,0,0,0,0,0
37325,ACR260,4,0,3,0,0,1,20,4,0,1,13,35,1,5,0,1,0,0,3,335,0,0,0
37565,ACR211,9,3,5,1,0,0,8,35,14,2,5,13,0,5,0,2,16,8,3,11,0,0,11
37806,ACR303,3,0,3,12,0,34,6,5,14,14,3,3,1,8,5,2,12,6,8,1,8,0,19
38048,CAR1094,0,0,0,0,0,0,0,0,0,0,0,0,0,0,0,0,0,0,0,0,0,0,0
38291,CAR1100,0,0,0,0,0,0,2,6,1,0,0,0,0,0,0,0,0,0,0,0,0,0,0
38535,CAR1092,0,0,0,3,0,0,0,0,4,0,0,0,0,0,0,9,0,0,0,0,0,0,0
38780,CAR973,0,0,0,0,0,0,1,0,0,0,0,0,0,0,0,0,0,0,0,0,0,0,0
39026,CAR1209,0,0,0,0,0,0,0,0,0,0,0,0,0,0,0,0,0,0,0,0,0,0,0
39273,CAR1095,0,0,0,0,0,0,0,3,0,0,0,0,0,0,0,0,0,3,0,4,0,0,0
39521,CAR1066,0,0,0,1,0,0,0,0,0,0,0,0,0,0,0,0,0,1,0,0,0,0,0
39770,CAR1264,0,0,0,0,0,0,0,0,0,0,0,0,0,0,0,0,0,0,0,0,0,0,0
40020,CAR1114,0,0,0,0,0,0,0,10,0,0,2,0,0,0,1,0,0,6,0,0,2,0,0
40271,CAR1063,0,0,0,0,0,0,0,0,0,0,0,0,0,0,0,0,0,0,0,0,0,0,0
40523,CAR1208,5,0,0,1,1,0,0,1,2,3,1,0,0,0,1,4,0,0,0,0,0,0,1
40776,CAR1134,0,2,3,10,1,19,11,9,11,3,1,12,8,2,7,11,15,8,2,7,10,8,7
41030,CAR1436,15,0,7,0,12,5,16,12,3,12,4,5,3,11,4,3,2,7,4,0,0,10,3
41285,CAR1088,0,0,0,0,0,0,0,1,0,0,0,0,0,0,0,0,0,0,0,0,0,0,0
41541,CAR1130,0,0,0,0,0,0,0,0,0,0,0,0,0,0,0,0,0,0,0,0,0,0,0
41798,CAR1205,9,1,0,4,0,3,3,2,1,6,0,2,0,0,1,0,1,1,3,0,0,1,2
42056,CAR1391,0,0,0,0,0,0,0,0,0,0,0,0,0,0,0,0,0,0,0,0,0,0,0
42315,CAR1213,0,0,0,0,0,0,0,0,0,0,0,0,0,0,0,0,0,0,0,0,0,0,0
42575,CAR1086,1,6,3,2,7,6,4,8,6,9,12,8,11,7,2,8,5,6,4,2,5,8,4
42836,CAR1257,0,0,0,2,1,1,0,1,3,1,0,0,0,2,0,0,0,1,1,0,3,4,6
43098,CAR1062,0,0,0,0,0,0,0,0,0,0,0,0,0,0,0,0,0,0,0,0,0,0,0
43361,CAR1297,0,0,0,0,0,3,1,0,2,0,1,0,0,0,0,0,0,15,0,0,3,0,0
43625,CAR1314,2,11,11,5,17,4,13,4,7,37,21,9,8,5,315,39,0,11,22,1,45,8,10
43890,CAR1373,0,0,0,0,0,0,0,0,0,0,0,0,0,0,0,0,0,0,0,0,0,0,0
44156,CAR1374,0,0,0,0,0,1,0,0,1,1,0,0,1,1,4,0,0,0,0,0,0,0,0
44423,CAR1197,0,0,0,0,0,0,0,0,0,0,0,0,0,0,0,0,0,0,0,0,0,0,0
44691,CAR1173,0,0,0,0,0,0,0,0,0,0,0,0,0,0,0,0,0,2,0,0,0,0,0
44960,CAR1293,0,0,0,0,0,0,0,0,0,0,0,0,0,0,0,0,0,0,0,0,0,0,0
45230,CAR1104,0,0,0,3,0,0,0,5,0,0,0,0,0,0,2,0,0,0,0,0,0,0,1
45501,CAR1174,0,0,0,0,0,0,0,0,0,0,0,0,0,0,0,0,0,0,1,10,12,0,0
45773,CAR1103,0,0,0,0,0,0,0,0,0,0,0,0,0,0,0,0,0,0,0,0,0,0,0
46046,CAR1329,0,0,0,0,0,0,0,0,0,0,0,0,0,0,0,0,0,0,0,0,0,0,2
46320,CAR1183,6,9,30,17,10,32,6,34,64,0,4,22,10,7,7,0,6,9,0,0,9,0,1
46595,CAR1292,0,0,0,0,0,0,0,0,0,0,0,0,0,0,0,0,0,0,0,0,0,0,0
46871,CAR1190,1,0,3,0,0,0,0,4,0,0,0,0,0,0,0,0,0,0,0,0,1,0,0
47148,CAR1191,5,0,0,0,0,0,2,17,0,0,0,0,0,2,0,0,0,0,0,0,2,0,0
47426,CAR1339,2,4,1,3,1,0,0,0,0,0,0,0,0,0,0,1,0,0,0,0,1,1,3
47705,CAR1332,0,2,0,0,0,0,1,0,0,0,0,3,0,0,3,0,0,0,2,0,0,0,0
47985,CAR1180,0,0,0,0,0,0,0,0,0,0,0,0,0,0,0,0,0,0,0,0,0,0,0
48266,CAR1330,0,0,0,0,0,0,0,0,0,0,0,0,0,0,0,0,0,0,0,0,0,0,0
48548,CAR1102,0,0,0,0,0,0,0,0,0,0,0,0,0,0,0,0,0,0,0,25,0,1,0
48831,CAR1070,1,0,0,0,0,0,0,0,0,0,0,0,0,1,19,2,0,0,0,0,0,0,2
49115,CAR1368,0,0,0,0,0,0,0,0,0,0,0,0,1,0,0,0,0,0,0,0,0,1,0
49400,CAR1041,0,0,2,1,0,2,0,0,0,0,0,9,0,4,0,0,0,18,0,0,0,0,0
49686,CAR1313,0,0,0,0,0,0,0,0,0,0,0,0,0,0,0,0,0,0,0,0,0,0,0
49973,CAR1162,0,0,0,0,0,0,0,0,0,0,0,0,0,0,0,0,0,0,0,0,0,0,0
50261,CAR1161,0,0,0,0,0,0,0,0,0,0,0,0,0,0,0,0,0,0,0,0,0,0,0
50550,CAR1165,0,3,0,0,0,0,0,0,0,0,0,0,0,0,0,0,0,0,0,0,0,0,0
50840,CAR1067,0,0,0,0,0,0,0,0,0,0,0,0,0,0,0,0,0,0,0,0,0,0,0
51131,CAR1336,1,0,0,2,1,0,0,0,0,0,0,0,0,0,0,2,0,2,0,0,0,0,0
51423,CAR1141,0,0,0,0,0,0,0,0,0,0,0,0,0,0,0,0,0,0,0,0,0,0,0
51716,CAR1139,0,1,0,0,0,0,0,0,0,0,0,0,0,3,0,0,0,0,0,0,0,0,2
52010,CAR1160,0,0,0,0,0,0,0,0,0,0,0,0,0,0,0,0,0,0,0,0,0,0,0
52305,CAR1159,0,0,0,0,0,0,0,0,0,0,0,0,0,0,0,0,0,0,0,0,0,0,0
52601,CAR1147,0,0,0,0,0,0,0,0,0,0,0,0,0,0,0,0,0,0,0,1,0,0,0
52898,CAR1032,0,2,2,0,0,0,0,0,0,0,0,0,0,1,0,0,0,0,0,0,0,0,0
53196,CAR1206,0,0,0,0,0,0,0,0,1,1,0,0,0,0,0,3,0,0,0,0,0,0,0
53495,CAR1140,0,0,0,0,0,0,0,0,0,0,0,0,0,0,0,0,0,0,0,0,0,0,0
53795,CAR993,0,0,0,0,0,0,0,0,0,0,0,0,0,0,0,0,0,0,0,0,0,0,0
54096,ACR257,0,3,6,0,9,7,2,5,7,1,5,1,3,7,3,3,4,5,3,6,7,2,4
54398,ACR249,32,0,4,0,0,4,2,6,6,10,0,4,0,1,2,2,6,2,0,3,2,1,6
54701,ACR324,0,0,0,0,0,0,0,0,0,0,0,0,0,0,0,0,0,0,0,0,0,0,0
55005,CAR1098,0,0,0,0,0,0,0,2,0,0,0,0,1,0,0,0,0,0,0,0,0,0,0
55310,CAR1099,0,0,0,0,0,0,0,0,0,0,0,0,0,0,0,0,0,0,0,0,0,0,0
55616,CAR1204,0,0,0,0,0,0,0,0,0,0,0,0,0,0,0,0,0,0,0,0,0,0,0
55923,CAR1175,0,0,0,0,0,0,0,1,0,0,0,0,0,0,0,0,0,0,0,0,0,0,0
56231,CAR1013,3,0,0,0,0,0,0,0,0,0,0,0,0,0,0,0,0,0,0,0,0,0,0
56540,CAR1215,0,0,0,0,0,0,0,0,0,0,0,1,0,3,0,0,0,0,0,0,1,0,1
56850,ACR417,0,0,0,0,0,0,0,0,0,0,0,0,0,0,0,0,0,0,0,0,0,0,0
57161,ACR293,0,0,0,0,0,0,0,0,0,0,0,0,0,0,0,0,0,0,0,0,0,0,0
57473,ACR284,0,0,0,0,0,0,0,0,0,0,0,0,0,0,0,0,0,0,0,0,0,0,0
57786,ACR420,0,0,0,0,0,0,0,0,0,0,0,0,0,0,0,0,0,0,0,0,0,0,0
58100,ACR256,0,0,0,0,1,0,1,0,0,0,0,0,0,0,0,0,0,0,0,0,0,0,0
58415,ACR199,0,0,0,0,0,0,0,0,0,0,0,0,0,0,0,0,0,0,0,0,0,0,0
58731,ACR371,0,0,0,0,0,0,0,0,0,0,0,0,0,0,0,0,0,0,0,0,0,0,0
59048,ACR273,9,411,70,63,31,24,125,126,20,0,3,2,12,27,70,19,29,252,10,28,1213,1,2
59366,ACR274,1,35,74,56,49,8,15,5,1,0,7,4,10,172,15,10,0,0,2,1,0,1,0
59685,CAR935,0,0,0,0,0,0,0,0,0,0,0,0,0,0,0,0,0,0,0,0,0,0,0
60005,CAR575,0,0,0,0,0,0,0,0,0,0,0,0,0,0,0,0,0,0,0,0,0,0,0
60326,CAR646,0,0,0,0,0,0,0,0,0,0,0,0,0,0,0,0,0,0,0,0,0,0,0
60648,CAR694,0,0,1,0,0,0,0,0,0,0,0,0,0,0,0,0,0,0,0,0,0,0,0
60971,CAR429,0,0,0,1,0,0,1,0,0,0,0,0,0,6,0,0,0,0,2,0,16,0,0
61295,CAR681,0,0,0,0,0,0,0,0,0,0,0,0,0,0,0,0,0,0,0,0,0,0,0
61620,CAR1015,0,0,0,0,0,0,0,0,0,0,0,0,0,0,0,0,0,0,0,0,0,0,1
61946,CAR497,0,0,0,0,0,0,0,0,0,0,0,0,0,0,0,0,0,0,0,0,0,0,0
62273,CAR1364,0,0,0,0,0,0,0,0,0,0,0,0,0,0,0,0,0,0,0,0,0,0,0
62601,CAR1445,0,0,0,0,0,0,0,0,0,0,0,0,0,0,0,0,0,0,0,0,0,0,0
62930,CAR1450,0,0,0,0,0,0,0,0,0,0,0,0,0,0,0,1,0,0,1,0,0,0,1
63260,CAR1447,0,0,0,0,0,0,0,0,0,0,0,0,0,0,0,0,0,0,0,0,0,0,0
63591,CAR1449,0,0,1,0,0,0,0,0,0,0,0,0,0,0,0,0,0,0,0,0,0,0,0
63923,CAR1333,0,0,0,0,0,0,1,0,0,0,0,0,0,0,0,0,0,0,0,0,0,1,0
64256,CAR1375,0,0,0,0,0,0,0,0,0,0,0,0,0,0,0,0,0,0,0,0,0,0,0
64590,CAR1347,0,0,1,0,0,0,0,0,0,0,0,0,0,0,0,0,0,0,0,0,0,0,0
64925,CAR1437,0,0,0,0,0,0,0,0,0,0,0,0,0,0,0,0,0,0,0,0,0,0,0
65261,CAR1434,0,0,0,0,0,0,0,0,0,0,0,0,0,0,0,0,0,0,0,0,0,0,0
65598,CAR1377,1,0,16,1,9,0,0,2,0,0,3,0,4,1,0,1,4,0,1,0,4,0,1
65936,CAR1388,0,0,0,0,1,0,0,0,0,1,0,0,0,0,0,0,1,0,0,0,0,0,3
66275,CAR1455,0,0,1,0,0,0,0,1,1,0,0,1,0,0,0,0,1,0,0,0,1,0,0
66615,CAR1454,0,0,0,0,0,0,0,1,0,0,0,0,1,0,0,0,0,0,1,0,0,0,0
66956,CAR1448,0,0,0,0,0,0,0,0,0,0,0,0,0,0,0,0,0,0,0,0,0,1,0
67298,CAR1451,0,0,0,0,0,0,0,0,0,0,0,0,0,0,0,0,0,0,0,0,0,0,0
67641,CAR1452,0,0,0,0,0,0,0,0,0,0,0,0,0,0,0,0,0,0,0,0,0,0,0
67985,CAR1399,0,0,0,0,0,0,0,0,0,0,0,0,0,0,0,0,0,0,0,0,0,0,0
68330,CAR1411,0,0,0,0,0,0,0,0,0,0,0,0,0,0,0,0,0,0,0,0,0,0,0
68676,CAR1360,0,0,0,0,0,0,0,0,0,0,0,0,0,0,0,0,0,0,0,0,0,0,0
69023,CAR1366,0,0,0,0,0,0,0,0,0,0,0,0,0,0,0,0,0,0,0,0,0,0,0
69371,CAR1361,0,0,3,0,0,0,0,0,3,0,0,0,0,0,0,0,0,0,0,0,0,0,0
69720,CAR1363,0,0,0,0,0,0,0,0,0,0,0,0,0,0,0,0,0,0,0,0,0,0,0
70070,CAR1387,0,0,0,0,0,0,0,0,0,1,0,0,0,0,0,0,0,0,0,0,0,0,0
70421,CAR1362,0,0,0,0,0,0,0,0,0,0,0,0,0,0,0,0,0,1,0,0,0,0,0
70773,CAR1325,0,0,0,0,0,0,0,0,0,0,0,0,0,0,0,0,0,0,0,0,0,0,0
71126,CAR1262,3,0,22,0,1,0,4,2,0,9,4,11,4,1,2,0,3,3,0,0,6,1,3
71480,CAR1282,0,0,1,0,1,0,0,0,1,0,1,0,0,0,0,0,0,0,0,1,0,0,0
71835,CAR1348,0,0,0,0,0,0,0,0,0,0,0,0,0,0,0,0,0,0,3,1,0,0,0
72191,CAR1285,0,0,1,0,0,2,0,0,2,0,1,0,1,0,0,0,1,0,1,0,0,0,0
72548,CAR1345,0,0,0,0,0,0,0,0,0,0,0,0,0,0,0,0,0,0,0,0,0,0,0
72906,CAR1350,0,0,0,0,0,0,0,0,0,0,0,0,0,0,0,0,0,0,0,0,0,0,0
73265,CAR1356,0,0,1,0,0,0,0,0,0,0,0,0,0,1,0,0,0,0,0,0,0,0,0
73625,CAR1353,0,0,0,0,0,0,0,0,0,0,0,0,0,0,0,0,0,0,0,0,0,0,0
73986,CAR1355,0,0,0,0,0,0,0,0,0,0,0,0,0,0,0,0,0,0,0,0,0,0,0
74348,CAR1354,0,0,0,0,0,0,0,0,0,0,0,0,0,0,0,0,0,0,1,0,0,0,0
74711,CAR1306,0,0,0,0,0,0,0,0,0,0,0,0,0,0,0,0,0,0,1,0,0,0,0
75075,CAR1358,0,0,0,0,0,0,0,0,1,0,1,0,0,1,0,0,0,0,0,0,0,0,0
75440,CAR1357,0,0,0,0,0,0,0,0,0,0,0,0,1,0,0,0,0,0,1,0,0,0,0
75806,CAR1351,0,0,0,0,0,0,0,0,0,0,0,0,0,0,0,0,0,0,0,0,0,0,0
76173,CAR1359,0,0,3,0,0,0,0,0,0,0,0,0,1,0,0,0,0,0,1,0,0,0,0
76541,CAR1352,0,0,0,0,0,0,0,0,0,0,0,0,0,0,0,0,0,0,1,0,0,0,0
76910,CAR1453,0,0,0,0,0,0,0,0,0,0,0,0,0,0,0,0,0,0,0,0,0,0,0
77280,CAR1435,0,0,0,0,0,0,0,0,0,0,0,0,0,0,0,0,0,0,0,0,0,0,0
77651,CAR1433,0,0,0,3,0,0,0,0,0,0,2,0,0,1,0,0,0,0,0,0,0,0,1
78023,CAR1432,0,0,0,0,0,0,0,0,0,0,0,0,0,0,0,0,0,0,0,0,0,0,0
78396,CAR1446,0,0,0,0,0,0,0,0,0,0,0,0,0,0,0,0,0,0,0,0,0,0,0
78770,CAR1415,0,0,0,0,0,0,0,0,0,0,0,0,0,0,0,0,0,0,0,0,0,0,0
79145,CAR1461,0,1,3,0,0,0,1,4,1,1,4,2,0,2,0,1,0,0,2,0,0,1,1
79521,CAR1443,0,0,0,0,0,0,0,0,0,0,0,0,0,0,0,0,0,0,0,0,0,0,0
79898,GS4220,0,0,0,0,0,0,0,0,0,1,0,0,0,0,0,0,0,0,0,0,0,0,0
80276,GS2940,0,1,8,10,1,4,1,1,1,0,0,1,0,0,0,2,0,0,1,2,0,0,1
80655,VCS3814,0,0,2,1,0,0,0,0,0,0,0,0,0,0,0,0,0,0,0,0,0,0,0
81035,VCS4268,0,0,0,0,0,0,0,0,0,0,0,0,0,0,0,0,0,0,0,0,0,0,0
81416,VCS1367,0,25,0,0,0,0,0,3,0,0,0,0,0,0,0,0,0,0,0,0,0,0,0
81798,VCS852,0,0,0,1,4,0,0,0,0,0,2,0,3,4,2,3,2,0,5,1,0,0,0
82181,VCS812,7,0,0,1,2,7,0,0,11,6,71,1,0,4,0,0,8,2,2,0,0,1,6
82565,VCS1326,0,0,0,0,0,0,0,0,0,0,0,0,0,0,0,0,0,0,0,0,0,0,0
82950,VCS647,0,0,0,0,0,1,0,0,1,0,6,0,0,0,0,1,2,0,0,2,0,1,0
83336,VCS2322,0,0,0,0,0,0,0,0,0,0,0,0,0,0,0,0,0,0,0,0,0,0,0
83723,VCS3018,0,0,1,5,3,1,4,8,0,5,4,2,7,3,7,1,15,11,5,5,2,5,14
84111,VCS872,0,0,0,0,0,0,0,0,0,0,0,0,0,0,0,0,0,0,0,0,0,0,0
84500,VCS1911,0,0,0,0,0,0,0,0,0,0,0,0,0,0,0,0,0,0,0,0,0,0,0
84890,VCS1622,0,0,33,8,40,19,32,38,13,22,32,20,50,11,10,24,29,17,21,30,23,17,17
85281,GS3039,0,0,0,1,0,0,0,0,1,0,0,1,0,0,0,0,3,0,1,1,0,0,0
85673,VCS2293,0,0,0,0,0,0,0,0,0,0,0,0,0,0,0,0,0,0,0,0,0,1,0
86066,VCS605,0,1,0,0,3,0,1,0,0,0,0,0,0,0,0,0,0,0,0,0,0,0,0
86460,VCS587,0,0,12,7,0,0,0,7,4,0,2,0,39,0,50,0,0,0,0,0,0,0,0
86855,VCS641,1,0,0,0,0,0,0,0,0,0,0,0,0,0,0,0,0,0,0,1,1,0,0
87251,VCS1122,0,0,0,0,0,0,0,0,0,0,0,0,0,1,0,0,0,0,0,0,0,0,0
87648,VCS2404,0,0,0,1,0,1,0,1,0,1,0,2,2,2,0,2,2,3,1,3,1,1,3
88046,VCS689,0,0,0,0,0,0,0,0,0,0,0,0,0,0,0,0,1,0,1,0,0,2,2
88445,VCS2310,0,0,0,0,0,1,1,1,1,3,0,0,2,4,0,1,0,0,2,1,1,2,3
88845,VCS2408,0,0,0,0,0,0,0,0,0,0,0,1,2,2,3,1,1,0,0,0,0,0,0
89246,VCS2087,0,0,0,0,0,0,8,1,1,1,0,1,5,2,2,2,0,0,0,0,1,0,0
