ProjectID_to_retrieve,ProjectSustainCERTID
4627,12667
4626,12961
4625,12953
4624,12969
4623,12850
4622,12852
4621,12862
4620,12867
4619,12863
4618,12864
4617,12861
4616,12869
4615,12866
4614,12868
4613,12865
4612,12941
4611,12933
4610,12932
4609,12931
4608,12877
4607,12447
4606,12588
4605,12807
4604,12783
4603,12171
4602,12888
4601,12962
4600,12958
4599,12906
4598,12832
4597,12940
4596,12835
4595,12875
4594,12819
4593,12871
4592,12855
4591,12834
4590,12856
4589,12910
4588,12498
4587,12499
4586,12689
4585,12323
4584,12880
4583,12826
4582,12577
4581,12815
4580,12813
4579,12814
4578,12461
4577,12460
4576,12459
4575,12578
4574,12662
4573,12661
4572,12660
4571,12659
4570,12658
4569,12657
4568,12656
4567,12655
4566,12654
4565,12653
4564,12663
4563,12828
4562,12833
4561,12423
4560,12647
4559,12534
4558,12646
4557,12801
4556,12839
4555,12841
4554,12842
4553,12843
4552,12845
4551,12859
4550,12938
4549,12614
4548,12844
4547,12785
4546,12335
4545,12334
4544,12333
4543,12685
4542,12455
4541,12836
4540,12203
4539,12768
4538,12056
4537,12454
4536,12806
4535,12633
4534,12634
4533,12632
4532,12635
4531,12209
4530,12571
4529,12812
4528,12811
4527,12810
4526,12790
4525,12789
4524,12420
4523,12619
4522,12601
4521,12547
4520,12694
4519,12693
4518,12799
4517,12772
4516,12771
4515,12600
4514,12670
4513,12672
4512,12624
4511,12677
4510,12602
4509,12675
4508,11663
4507,11664
4506,11665
4505,11986
4504,11987
4503,12720
4502,12786
4501,12666
4500,12683
4499,12570
4498,12315
4497,12340
4496,12775
4495,11689
4494,11690
4493,11688
4492,12621
4491,12638
4490,12567
4489,12589
4488,12490
4487,12592
4486,12591
4485,12226
4484,12163
4483,12470
4482,12620
4481,12469
4480,12628
4479,12626
4478,12627
4477,12605
4476,12639
4475,12640
4474,12641
4473,12642
4472,12643
4471,12644
4470,12665
4469,12314
4468,12637
4467,12246
4466,12247
4465,12102
4464,12668
4463,12618
4462,12617
4461,12616
4460,12510
4459,12511
4458,12629
4457,12496
4456,12568
4455,12576
4454,12615
4453,12290
4452,12313
4451,12506
4450,12533
4449,12486
4448,12491
4447,12505
4446,12512
4445,12497
4444,12492
4443,12351
4442,12300
4441,12299
4440,12522
4439,12521
4438,12223
4437,12221
4436,12536
4435,12444
4434,12443
4433,11569
4432,12507
4431,12509
4430,12514
4429,12515
4428,12517
4427,12437
4426,12217
4425,12482
4424,12540
4423,12541
4422,12383
4421,12382
4420,12494
4419,12495
4418,12523
4417,12463
4416,12479
4415,12546
4414,12535
4413,12440
4412,12464
4411,12488
4410,12487
4409,12327
4408,12273
4407,12264
4406,12255
4405,12199
4404,12205
4403,12471
4402,12434
4401,12435
4400,12306
4399,12305
4398,12276
4397,12352
4396,12360
4395,12468
4394,12353
4393,12348
4392,12338
4391,12467
4390,12296
4389,12295
4388,12286
4387,12283
4386,12282
4385,12238
4384,12474
4383,12240
4382,12239
4381,12448
4380,12493
4379,12439
4378,12216
4377,12215
4376,12191
4375,12332
4374,12331
4373,12330
4372,12214
4371,12207
4370,12462
4369,12329
4368,12153
4367,12438
4366,12232
4365,12225
4364,12441
4363,12446
4362,12445
4361,12442
4360,12384
4359,12326
4358,12433
4357,12432
4356,12431
4355,12430
4354,12429
4353,12428
4352,12427
4351,12426
4350,12425
4349,12424
4348,12380
4347,12317
4346,12316
4345,12385
4344,12386
4343,12387
4342,12388
4341,12350
4340,12458
4339,12390
4338,12391
4337,12392
4336,12393
4335,12394
4334,12395
4333,12396
4332,12397
4331,12398
4330,12399
4329,12400
4328,12401
4327,12402
4326,12403
4325,12404
4324,12405
4323,12406
4322,12407
4321,12408
4320,12409
4319,12410
4318,12411
4317,12412
4316,12413
4315,12414
4314,12415
4313,12416
4312,12417
4311,12418
4310,12419
4309,12342
4308,12343
4307,12344
4306,12339
4305,12357
4304,12358
4303,12377
4302,12379
4301,12011
4300,12346
4299,12347
4298,12345
4297,12354
4296,12242
4295,12230
4294,12373
4293,12210
4292,12363
4291,12362
4290,12285
4289,12133
4288,11546
4287,12364
4286,12365
4285,12366
4284,12367
4283,12368
4282,12369
4281,12370
4280,12372
4279,12371
4278,12202
4277,12356
4276,12234
4275,11714
4274,11540
4273,12241
4272,12279
4271,12278
4270,12277
4269,12204
4268,12322
4267,12078
4266,12319
4265,12082
4264,12293
4263,12292
4262,11691
4261,11692
4260,11693
4259,12250
4258,12307
4257,12324
4256,12303
4255,12137
4254,12281
4253,12289
4252,12140
4251,12097
4250,12312
4249,12185
4248,12218
4247,12311
4246,12224
4245,12287
4244,12201
4243,12304
4242,12188
4241,12244
4240,12187
4239,12198
4238,12100
4237,12291
4236,12302
4235,12252
4234,12258
4233,12256
4232,12257
4231,12263
4230,12266
4229,12267
4228,12269
4227,12253
4226,12254
4225,12268
4224,12260
4223,12261
4222,12265
4221,12270
4220,12262
4219,12251
4218,12259
4217,12272
4216,12274
4215,12271
4214,12275
4213,12219
4212,12220
4211,12243
4210,12167
4209,12310
4208,12309
4207,12308
4206,12208
4205,12236
4204,11982
4203,12136
4202,12193
4201,12098
4200,12099
4199,12169
4198,12115
4197,11670
4196,12200
4195,12031
4194,12030
4193,12071
4192,11854
4191,12070
4190,12080
4189,12010
4188,12009
4187,12008
4186,12007
4185,12006
4184,12005
4183,12004
4182,12003
4181,12002
4180,12190
4179,12189
4178,12233
4177,12231
4176,12228
4175,12227
4174,12105
4173,12168
4172,12020
4171,12144
4170,12019
4169,12147
4168,12164
4167,12018
4166,12197
4165,12017
4164,11988
4163,12112
4162,11777
4161,11776
4160,11775
4159,11807
4158,11784
4157,11783
4156,11782
4155,11781
4154,11780
4153,11779
4152,11778
4151,11774
4150,11773
4149,11772
4148,11771
4147,11770
4146,11769
4145,11767
4144,11766
4143,11765
4142,12213
4141,12212
4140,12165
4139,12122
4138,12121
4137,12120
4136,12119
4135,11901
4134,11985
4133,12172
4132,12179
4131,12181
4130,12177
4129,12180
4128,12176
4127,12178
4126,12174
4125,12175
4124,11726
4123,12068
4122,12195
4121,12194
4120,12142
4119,12065
4118,12173
4117,12148
4116,11998
4115,11999
4114,12000
4113,12001
4112,12196
4111,12118
4110,12138
4109,12087
4108,12088
4107,12027
4106,11857
4105,12135
4104,12186
4103,11550
4102,12158
4101,12157
4100,12156
4099,12103
4098,12155
4097,12160
4096,12134
4095,12062
4094,11743
4093,12051
4092,11768
4091,12146
4090,12053
4089,12130
4088,12123
4087,12124
4086,12129
4085,12128
4084,12127
4083,12126
4082,12125
4081,12131
4080,12132
4079,12141
4078,12116
4077,12058
4076,12067
4075,12066
4074,11996
4073,11949
4072,12090
4071,12111
4070,12161
4069,12046
4068,12113
4067,11899
4066,12095
4065,12094
4064,12114
4063,12143
4062,12049
4061,12083
4060,12089
4059,12081
4058,11866
4057,11865
4056,12079
4055,12036
4054,12117
4053,12024
4052,11873
4051,12154
4050,12074
4049,11960
4048,12047
4047,12045
4046,11856
4045,11798
4044,12091
4043,12057
4042,12096
4041,11898
4040,11897
4039,11896
4038,11895
4037,11894
4010,11980
4009,11954
4008,11952
4007,11981
4006,11951
4005,11953
4004,11950
4003,12042
4002,12040
4001,12041
4000,12039
3999,12038
3998,12037
3997,12069
3996,11818
3995,11995
3994,11947
3993,12064
3992,12063
3991,12084
3990,12092
3989,11874
3988,11994
3987,11993
3986,11860
3985,12033
3984,12035
3983,12034
3982,12025
3981,11979
3980,12014
3979,12023
3978,12022
3977,12076
3976,12077
3975,12054
3974,12043
3973,12044
3972,12050
3971,12052
3970,11675
3969,11948
3968,12048
3967,12016
3966,12026
3965,11991
3964,11989
3963,11990
3962,11945
3961,11890
3960,11889
3959,11888
3958,11887
3957,11886
3956,11885
3955,11884
3954,11883
3953,11882
3952,11881
3951,11880
3950,11879
3949,12075
3948,11621
3947,11561
3946,11932
3945,11917
3944,11918
3943,11919
3942,11920
3941,11921
3940,11922
3939,11923
3938,11924
3937,11925
3936,11926
3935,11927
3934,11928
3933,11929
3932,11930
3931,11931
3930,11916
3929,11915
3928,11914
3927,11913
3926,11912
3925,11911
3924,11910
3923,11909
3922,11908
3921,11907
3920,11906
3919,11905
3918,11904
3917,11903
3916,11902
3915,11677
3914,11736
3913,12073
3912,11992
3911,11983
3910,11984
3909,11970
3908,11725
3907,12032
3906,11942
3905,11956
3904,11955
3903,11728
3902,11654
3901,11969
3900,11863
3899,11933
3898,11892
3897,11891
3896,11685
3895,11684
3894,11972
3893,11636
3860,12015
3859,11864
3858,11660
3857,11658
3856,11855
3855,11943
3854,11944
3853,11722
3852,11936
3851,11578
3850,11704
3849,11703
3848,11701
3847,11706
3846,11700
3845,11705
3844,11699
3843,11702
3842,11698
3841,11697
3840,11815
3839,11816
3838,11817
3837,11616
3836,11619
3835,11618
3834,11617
3833,11672
3832,11673
3831,11968
3830,11708
3829,11547
3828,11548
3827,11549
3826,11762
3825,11764
3824,11759
3823,11763
3822,11758
3821,11761
3820,11757
3819,11760
3818,11756
3817,11753
3816,11755
3815,11752
3814,11754
3813,11750
3812,11751
3811,11749
3810,11748
3809,11745
3808,11747
3807,11744
3806,11835
3805,11836
3804,11837
3803,11838
3802,11839
3801,11840
3800,11841
3799,11842
3798,11843
3797,11844
3796,11845
3795,11846
3794,11847
3793,11849
3792,11848
3791,11850
3790,11851
3789,11852
3788,11853
3787,11721
3786,11875
3785,11709
3784,11662
3783,11648
3782,11570
3781,11572
3780,11571
3779,11469
3778,11941
3777,11935
3776,11598
3775,11893
3774,11934
3773,11694
3772,11671
3771,11790
3770,11813
3769,11528
3768,11534
3767,11533
3766,11532
3765,11531
3764,11530
3763,11529
3762,11527
3761,11526
3760,11525
3759,11524
3758,11523
3757,11522
3756,11521
3755,11520
3754,11519
3753,11518
3752,11517
3751,11516
3750,11515
3749,11514
3748,11513
3747,11719
3746,11861
3745,11600
3744,11657
3743,11812
3742,11810
3741,11811
3740,11809
3739,11808
3738,11792
3737,11878
3736,11877
3735,11876
3734,11729
3733,11802
3732,11574
3731,11786
3730,11787
3729,11788
3728,11789
3727,11785
3726,11682
3725,11695
3724,11696
3723,11730
3690,11731
3689,11732
3688,11739
3687,11740
3686,11741
3685,11638
3684,11567
3683,11724
3682,11643
3681,11586
3680,11585
3679,11584
3678,11583
3677,11582
3676,11581
3675,11580
3674,11579
3673,11667
3672,11614
3670,11613
3669,11612
3668,11611
3667,11610
3666,11609
3665,11608
3664,11607
3663,11454
3662,11445
3661,11627
3660,11568
3659,11652
3658,11566
3657,11603
3656,11656
3655,11655
3654,11605
3653,11606
3652,11557
3651,11604
3650,11565
3649,11596
3648,11644
3647,11646
3646,11645
3645,11720
3644,11712
3643,11647
3642,11659
3641,11488
3640,11653
3639,11640
3638,11639
3637,11544
3636,11674
3635,11545
3634,11551
3633,11679
3632,11623
3631,11573
3598,11624
3597,11535
3596,11707
3595,11634
3594,11633
3593,11632
3592,11631
3591,11630
3590,11629
3589,11628
3588,11507
3587,11506
3586,11594
3585,11472
3584,11552
3583,11537
3582,11494
3581,11505
3580,11495
3579,11496
3578,11497
3577,11498
3576,11499
3575,11500
3574,11501
3573,11502
3572,11503
3571,11504
3570,11493
3569,11492
3568,11491
3567,11490
3566,11486
3565,11485
3564,11484
3563,11483
3562,11482
3561,11481
3560,11480
3559,11479
3558,11478
3557,11477
3556,11476
3555,11475
3554,11489
3553,11448
3552,11462
3551,11538
3550,11564
3549,11577
3548,11543
3547,11474
3546,11620
3545,11563
3544,11508
3543,11509
3510,11466
3509,11558
3508,11556
3507,11560
3506,11559
3505,11595
3504,11593
3503,11451
3502,11452
3501,11450
3500,11539
3499,11471
3498,11467
3497,11455
3496,11447
3463,11070
3462,11441
3461,11440
3460,11439
3459,11438
3458,11437
3457,11436
3456,11435
3455,11434
3454,11433
3453,11432
3448,11427
3447,11426
3446,11425
3445,11424
3444,11423
3443,11422
3442,11421
3441,11420
3440,11419
3439,11418
3438,11417
3437,11416
3436,11415
3435,11414
3434,11413
3433,11412
3432,11411
3431,11410
3430,11409
3429,11408
3428,11407
3426,11405
3425,11404
3424,11403
3423,11402
3422,11401
3421,11400
3419,11398
3418,11397
3416,11395
3415,11394
3382,11393
3381,11392
3380,11359
3379,11358
3378,11357
3377,11356
3376,11355
3375,11354
3374,11353
3373,11352
3372,11351
3371,11350
3370,11349
3365,11344
3364,11343
3362,11341
3360,11339
3359,11338
3358,11337
3357,11336
3356,11335
3355,11334
3354,11333
3352,11331
3351,11330
3350,11329
3349,11328
3348,11327
3347,11326
3346,11325
3345,11324
3344,11323
3343,11322
3342,11321
3341,11320
3340,11319
3339,11318
3338,11317
3337,11316
3335,11314
3334,11313
3333,11312
3332,11311
3331,11310
3330,11309
3329,11308
3328,11307
3327,11306
3326,11305
3325,11304
3324,11303
3323,11302
3322,11301
3321,11300
3320,11299
3319,11298
3318,11297
3317,11296
3316,11295
3315,11294
3314,11293
3313,11292
3312,11291
3311,11290
3310,11289
3309,11288
3308,11287
3307,11286
3306,11285
3305,11284
3304,11283
3303,11282
3302,11281
3301,11280
3300,11279
3299,11278
3298,11277
3297,11276
3296,11275
3295,11274
3294,11273
3293,11272
3292,11271
3291,11270
3290,11269
3289,11268
3288,11267
3287,11266
3286,11265
3285,11264
3284,11263
3283,11262
3282,11261
3281,11260
3280,11259
3277,11256
3276,11255
3274,11253
3273,11252
3272,11251
3271,11250
3270,11249
3269,11248
3268,11247
3267,11246
3266,11245
3265,11244
3264,11243
3263,11242
3262,11241
3229,11240
3228,11239
3227,11238
3226,11237
3225,11236
3224,11235
3223,11234
3222,11233
3221,11232
3220,11231
3219,11230
3218,11229
3217,11228
3216,11227
3215,11226
3214,11225
3212,11223
3211,11222
3209,11220
3208,11219
3207,11218
3206,11217
3205,11216
3204,11215
3203,11214
3202,11213
3201,11212
3200,11211
3199,11210
3198,11209
3197,11208
3196,11207
3195,11206
3194,11205
3193,11204
3191,11203
3190,11202
3189,11201
3188,11200
3187,11199
3186,11198
3185,11197
3184,11196
3183,11195
3182,11194
3181,11193
3180,11192
3179,11191
3178,11190
3177,11189
3176,11188
3175,11187
3174,11186
3170,11183
3169,11182
3168,11181
3167,11180
3166,11179
3165,11178
3164,11177
3163,11176
3162,11175
3161,11174
3160,11173
3158,11171
3157,11170
3156,11169
3154,11167
3153,11166
3120,11165
3118,11163
3112,11157
3111,11156
3110,11155
3109,11154
3108,11153
3107,11152
3106,11151
3105,11150
3104,11149
3103,11148
3102,11147
3101,11146
3100,11145
3099,11144
3098,11143
3097,11142
3096,11141
3095,11140
3094,11139
3093,11138
3092,11137
3091,11136
3090,11135
3089,11134
3088,11133
3086,11131
3085,11098
3083,11096
3082,11095
3081,11094
3080,11093
3079,11092
3078,11091
3077,11090
3076,11089
3075,11088
3074,11087
3073,11086
3072,11085
3071,11084
3070,11083
3069,11082
3068,11081
3067,11080
3066,11079
3065,11078
3064,11077
3063,11076
3062,11075
3061,11074
3060,11073
3059,11072
3058,11071
3056,11068
3055,11067
3054,11066
3053,11065
3052,11064
3051,11063
3050,11062
3049,11061
3048,11060
3047,11059
3046,11058
3045,11057
3044,11056
3043,11055
3042,11054
3041,11053
3039,11051
3038,11050
3037,11049
3036,11048
3035,11047
3034,11046
3032,11044
3031,11043
3030,11042
3029,11041
3024,11036
3023,11035
3022,11034
3021,11033
3020,11032
3019,11031
3018,11030
3017,11029
2987,11028
2986,11027
2985,11026
2984,11025
2983,11024
2982,11023
2981,11022
2980,11021
2979,11020
2978,11019
2977,11018
2976,11017
2975,11016
2974,11015
2973,11014
2972,11013
2971,11012
2970,11011
2969,11010
2968,11009
2967,11008
2966,11007
2965,11006
2964,11005
2963,11004
2962,11003
2961,11002
2960,11001
2959,11000
2958,10999
2957,10998
2956,10997
2955,10996
2954,10995
2953,10994
2952,10993
2951,10992
2950,10991
2949,10990
2948,10989
2947,10988
2946,10987
2945,10986
2944,10985
2943,10984
2941,10982
2940,10981
2939,10980
2938,10979
2937,10978
2936,10977
2935,10976
2934,10975
2933,10974
2931,10972
2930,10971
2929,10970
2928,10969
2927,10968
2926,10967
2925,10966
2924,10965
2923,10964
2922,10963
2921,10962
2920,10961
2918,10959
2917,10928
2916,10927
2915,10926
2914,10925
2913,10924
2912,10923
2911,10922
2910,10921
2909,10920
2908,10919
2907,10918
2906,10917
2905,10916
2904,10915
2903,10914
2902,10913
2901,10912
2900,10911
2899,10910
2898,10909
2897,10908
2896,10907
2895,10906
2894,10905
2893,10904
2892,10903
2891,10901
2890,10902
2889,10900
2888,10899
2887,10898
2886,10897
2885,10896
2879,10890
2878,10889
2877,10888
2876,10887
2843,10886
2842,10885
2841,10884
2836,10879
2835,10878
2834,10877
2833,10876
2832,10875
2831,10874
2830,10873
2829,10872
2826,10869
2825,10868
2824,10867
2823,10866
2822,10833
2821,10832
2820,10831
2819,10830
2818,10829
2817,10828
2816,10827
2815,10826
2814,10825
2781,10824
2780,10823
2779,10822
2778,10821
2777,10820
2775,10818
2770,10813
2769,10812
2768,10811
2767,10810
2766,10809
2765,10808
2764,10807
2763,10806
2762,10805
2761,10804
2760,10803
2759,10802
2758,10801
2757,10800
2756,10799
2755,10798
2754,10797
2753,10796
2752,10795
2751,10794
2750,10793
2749,10792
2748,10791
2747,10790
2746,10789
2745,10788
2744,10787
2742,10785
2741,10784
2740,10783
2739,10782
2738,10781
2737,10780
2736,10779
2735,10778
2734,10777
2733,10776
2731,10742
2730,10741
2729,10740
2728,10739
2727,10738
2726,10737
2725,10736
2724,10735
2692,10734
2691,10733
2690,10732
2689,10731
2688,10730
2687,10729
2686,10728
2685,10727
2684,10726
2683,10725
2680,10722
2679,10721
2678,10720
2677,10719
2676,10718
2675,10717
2674,10716
2673,10715
2672,10714
2671,10713
2670,10712
2669,10711
2668,10710
2667,10677
2666,10676
2665,10675
2664,10674
2662,10672
2661,10671
2660,10670
2659,10669
2658,10668
2657,10667
2656,10666
2655,10665
2654,10664
2653,10663
2652,10662
2651,10661
2649,10659
2648,10658
2647,10657
2646,10656
2645,7801
2644,7800
2643,7799
2642,7798
2641,7797
2640,7796
2639,7795
2638,7794
2637,7793
2636,7792
2635,7791
2634,7790
2633,7789
2632,7788
2631,7787
2630,7786
2628,10655
2627,7784
2626,7783
2625,7781
2621,7776
2620,7774
2619,7775
2608,7763
2607,7762
2606,7761
2605,7760
2603,7758
2602,7757
2601,7756
2600,7755
2598,7754
2597,7752
2596,7751
2595,7750
2594,7749
2593,7748
2592,7747
2591,7746
2590,7745
2589,7744
2588,7743
2587,7742
2586,7741
2585,7740
2584,7739
2583,7738
2582,7737
2581,7736
2580,7735
2579,7734
2578,7733
2577,7732
2576,7731
2572,7727
2571,7726
2570,7725
2569,7724
2568,7723
2567,7722
2566,7721
2565,7720
2564,7719
2563,7718
2562,7717
2561,7716
2560,7715
2559,7714
2558,7713
2557,7712
2556,7711
2555,7710
2554,7709
2553,7708
2552,7707
2551,7706
2550,7705
2549,7704
2548,7703
2547,7702
2546,7701
2545,7700
2544,7699
2543,7698
2542,7697
2541,7696
2540,7695
2539,7694
2538,7693
2537,7692
2536,7691
2535,7690
2534,7689
2533,7687
2532,7688
2531,7686
2530,7685
2521,10646
2516,10641
2416,7684
2415,7683
2414,7682
2413,7681
2412,7680
2411,7679
2410,7678
2409,7677
2408,7676
2373,7675
2372,7674
2371,7673
2370,7672
2369,7671
2368,7669
2367,7668
2365,7666
2363,7664
2351,7653
2347,7652
2345,7651
2344,7650
2343,7649
2342,7648
2341,7647
2340,7646
2339,7645
2338,7644
2337,7643
2336,7642
2335,7641
2334,7640
2333,7639
2332,7638
2331,7637
2325,7636
2324,7635
2323,7634
2322,7633
2321,7632
2320,7631
2319,7630
2318,7629
2317,7628
2316,7627
2315,7626
2314,7625
2313,7624
2312,7623
2311,10529
2289,7622
2262,7621
2261,7620
2260,7619
2257,7616
2254,7615
2253,7614
2245,7613
2244,7612
2243,7611
2242,7610
2241,7609
2234,10466
2233,7608
2232,7607
2231,7606
2230,7605
2229,7604
2222,10459
2221,10458
2220,10457
2219,7603
2218,7602
2216,7601
2215,7600
2214,7599
2213,7598
2212,7597
2211,7596
2210,7595
2209,7594
2208,7593
2207,7592
2206,7591
2205,7590
2204,7589
2203,7588
2198,7587
2191,7581
2190,7582
2189,7583
2188,7584
2187,7585
2186,7586
2185,7580
2183,7579
2181,10411
2180,10410
2172,7578
2171,7577
2170,7576
2164,7575
2157,7574
2153,7572
2118,10355
2117,7571
2116,7570
2115,7569
2112,7568
2111,7567
2110,7566
2109,7565
2108,7564
2107,7563
2068,7562
2066,7561
2065,7560
2064,7559
2063,7558
2062,7557
2061,7556
2059,10312
2057,7555
2056,7554
2055,7553
2053,10309
2045,7552
2039,7551
2038,7550
2037,7549
2036,7548
2035,7547
2034,7546
2030,7545
2027,7544
2026,7543
2025,7542
2024,7541
2023,7540
2022,7539
1983,7538
1982,7537
1980,7535
1979,7534
1974,7533
1972,7532
1969,7531
1968,7530
1967,7529
1966,7528
1963,7527
1955,7526
1954,7525
1953,7524
1952,7523
1951,7522
1950,7521
1949,7520
1948,7519
1947,7518
1946,7517
1945,7516
1944,7515
1943,7514
1942,7513
1924,7512
1922,10220
1919,7510
1917,7509
1916,7508
1915,7507
1914,7506
1913,7505
1912,7504
1911,7503
1910,7501
1909,7500
1908,7499
1898,7498
1897,7497
1893,7496
1890,7495
1888,7493
1887,7492
1884,7491
1882,7490
1881,7489
1880,7488
1879,7487
1878,7486
1877,7485
1870,7484
1869,7483
1868,7482
1867,7481
1866,7480
1865,7479
1864,7478
1863,7477
1862,7476
1861,7475
1848,7474
1847,7473
1846,7472
1845,7471
1844,7470
1837,7443
1836,7469
1835,7468
1834,7467
1833,7466
1830,7465
1827,7464
1826,7463
1825,7462
1824,7461
1823,7460
1822,7459
1821,7458
1820,7457
1819,7456
1815,6753
1814,6748
1813,6747
1812,6597
1811,6264
1809,6588
1808,5012
1807,4731
1806,4221
1805,4210
1804,3975
1803,3951
1802,3667
1801,3551
1800,3381
1799,3343
1798,2990
1797,2951
1796,2940
1795,2913
1794,1226
1793,1225
1792,608
1789,7164
1788,7151
1787,7105
1785,6995
1784,6887
1783,6886
1782,6885
1779,6832
1778,6831
1775,6760
1771,6504
1766,6272
1765,6271
1764,6193
1746,7361
1745,7002
1744,6858
1743,6857
1742,6856
1741,6855
1740,6854
1739,6852
1738,6830
1737,6756
1736,6604
1735,6503
1734,6395
1733,6256
1732,6089
1731,6063
1729,6061
1728,6060
1727,6059
1726,6058
1725,6057
1724,6056
1723,6055
1722,6054
1721,4894
1720,4708
1717,3557
1716,3380
1715,1281
1714,1206
1713,6282
1712,5618
1710,1189
1709,809
1708,788
1707,7303
1706,7049
1705,6586
1704,6498
1703,5002
1702,5844
1701,730
1700,671
1699,6853
1698,561
1697,393
1696,355
1695,340
1693,4967
1692,7435
1691,1988
1690,5988
1688,3660
1685,6460
1676,4273
1675,3428
1674,1097
1673,1096
1672,1095
1671,5836
1670,935
1669,347
1668,338
1667,337
1664,7393
1663,1289
1662,1321
1661,441
1660,455
1659,382
1658,7444
1657,3901
1656,4530
1654,7433
1652,5801
1651,369
1650,367
1649,351
1648,5124
1647,5123
1646,4236
1645,2751
1644,2750
1643,397
1642,390
1641,7442
1640,5099
1639,2747
1638,5574
1637,4922
1636,3966
1634,2547
1633,2543
1632,3094
1631,6414
1630,4269
1629,3852
1628,7454
1627,7448
1626,832
1625,7453
1624,7452
1623,7451
1622,7450
1621,7449
1620,5303
1619,1172
1618,4813
1617,7436
1616,3405
1615,1147
1614,6275
1613,6212
1612,2520
1611,1378
1610,1075
1609,3445
1608,7434
1607,7437
1606,7438
1605,3262
1604,6513
1603,7395
1602,4205
1599,7356
1598,7394
1597,4290
1596,7150
1595,7149
1594,7148
1593,1124
1592,3509
1591,7147
1590,5796
1589,1290
1588,1332
1587,3326
1586,3698
1584,7401
1583,7400
1582,7399
1581,7398
1580,7397
1579,7396
1578,1294
1577,7391
1576,6607
1575,2758
1574,690
1573,7392
1572,5802
1571,1264
1570,3110
1569,9999
1568,7372
1567,7371
1566,7370
1565,7369
1561,7368
1560,7367
1559,5642
1558,5391
1556,7364
1555,7362
1554,500
1543,7366
1542,7365
1541,7363
1540,7112
1539,6998
1538,7346
1537,2681
1536,1306
1534,4036
1533,5230
1531,6598
1528,6793
1527,7343
1526,7336
1525,7335
1524,7334
1523,7333
1522,7332
1521,7331
1520,7330
1519,5042
1518,5038
1517,7345
1516,7317
1515,7311
1514,7090
1513,6752
1512,6751
1511,6750
1510,7318
1509,708
1508,5244
1507,4797
1506,4518
1505,6749
1504,6790
1503,4202
1502,3432
1501,3430
1500,3306
1499,2395
1498,1729
1497,6338
1496,6129
1495,5661
1494,5660
1493,6394
1492,6393
1491,3566
1490,3116
1489,3114
1488,3109
1487,6599
1486,6861
1485,2295
1484,4965
1483,5441
1482,5439
1481,5438
1480,5437
1479,5344
1478,5343
1477,5342
1476,5340
1475,5339
1474,5338
1473,5336
1472,5335
1471,6600
1470,5332
1469,3113
1468,7312
1467,6746
1466,5330
1465,5329
1460,7292
1458,7287
1457,5955
1456,5951
1455,7071
1454,6999
1453,7142
1452,5993
1451,6786
1450,7293
1449,6783
1448,6836
1447,6784
1446,6789
1445,6788
1444,6787
1443,6837
1441,7291
1440,7290
1439,7289
1438,6838
1437,7138
1436,7139
1435,7140
1434,6344
1432,3522
1431,1340
1430,7152
1429,7078
1428,7288
1427,7080
1426,7079
1425,7154
1424,7091
1423,1090
1422,437
1421,2519
1420,6037
1419,5324
1418,6566
1417,7132
1416,7137
1415,7153
1414,7136
1413,7135
1412,7134
1411,7133
1410,7131
1409,7130
1408,7129
1407,399
1406,5322
1405,7128
1404,580
1403,439
1402,6419
1400,6152
1399,3516
1398,2456
1397,753
1390,922
1389,911
1388,5395
1384,6279
1383,6033
1382,6032
1381,6003
1380,5929
1378,5879
1377,5866
1376,5830
1375,5699
1374,5643
1373,5575
1372,5523
1371,5519
1370,5404
1369,5377
1368,5317
1367,5316
1366,5315
1365,5314
1364,5304
1363,5228
1362,5199
1360,5072
1358,4895
1357,4824
1355,4799
1353,4596
1352,4533
1351,4446
1350,4368
1349,4289
1348,4288
1347,4240
1346,4217
1343,3626
1342,3606
1341,3587
1340,3556
1337,3421
1336,3344
1335,3342
1334,3341
1333,3260
1332,2680
1331,2679
1330,2678
1329,2535
1328,2534
1327,2528
1326,2527
1325,2501
1324,2498
1322,2488
1321,2487
1320,2485
1319,2478
1318,2477
1317,2466
1316,2455
1315,2403
1314,2402
1312,2289
1311,2288
1310,1747
1309,3028
1308,1338
1307,1302
1306,1204
1305,1194
1304,1117
1303,1059
1302,998
1301,997
1299,993
1298,992
1297,991
1296,990
1295,989
1294,988
1293,987
1292,986
1291,984
1290,980
1289,979
1288,978
1287,977
1286,976
1285,973
1284,972
1283,971
1282,969
1281,967
1280,966
1279,963
1278,961
1277,959
1276,956
1275,955
1274,954
1273,951
1272,950
1271,949
1270,1746
1269,947
1268,942
1267,939
1266,936
1265,931
1264,929
1263,928
1262,927
1261,926
1260,924
1259,923
1258,918
1257,917
1256,916
1255,913
1254,910
1253,909
1252,906
1251,905
1250,893
1249,888
1248,887
1247,886
1246,885
1245,883
1244,880
1243,879
1241,876
1240,875
1239,874
1238,873
1237,872
1236,871
1235,870
1234,869
1233,866
1232,865
1231,864
1230,862
1229,861
1228,860
1227,859
1226,858
1225,854
1224,850
1223,847
1222,846
1221,845
1220,843
1219,841
1218,840
1217,836
1216,835
1215,834
1214,831
1213,828
1212,827
1211,826
1210,825
1209,824
1208,816
1207,814
1206,813
1205,3031
1204,812
1203,799
1201,795
1200,794
1199,793
1198,792
1197,790
1196,789
1195,786
1194,784
1193,782
1192,781
1191,778
1190,777
1189,775
1188,774
1187,773
1186,772
1185,769
1184,889
1183,822
1182,768
1181,765
1180,3305
1179,764
1178,756
1177,755
1176,751
1175,750
1174,749
1173,748
1172,746
1171,745
1170,744
1169,743
1168,736
1167,735
1166,733
1165,729
1164,726
1163,725
1162,723
1161,716
1160,702
1159,852
1158,817
1157,715
1156,849
1155,710
1154,707
1152,696
1151,695
1150,689
1149,688
1148,687
1147,685
1146,683
1145,676
1144,675
1143,6420
1142,672
1141,670
1140,666
1139,663
1138,662
1137,660
1136,848
1135,659
1134,713
1132,655
1130,653
1129,6523
1128,6522
1127,6521
1126,6520
1125,6519
1124,6518
1123,651
1122,6502
1121,645
1120,6445
1119,6444
1118,6443
1117,644
1116,643
1115,642
1112,6252
1111,6289
1110,6236
1109,6237
1108,6235
1107,6411
1106,6405
1105,6356
1104,6351
1103,6350
1102,635
1101,6349
1100,634
1099,633
1098,6310
1097,6301
1096,6290
1095,628
1094,626
1092,622
1091,621
1090,620
1089,6189
1088,618
1086,617
1085,616
1084,6155
1083,615
1082,6143
1081,614
1080,6139
1079,6133
1078,613
1077,612
1076,6116
1075,6115
1074,6114
1073,6113
1072,6112
1071,6111
1070,6109
1069,6108
1068,6101
1067,610
1065,609
1064,6070
1063,607
1062,6053
1060,6051
1059,6050
1058,605
1057,6045
1056,6044
1055,6043
1054,6042
1053,6041
1052,6038
1051,6021
1050,6018
1049,601
1048,6008
1047,6004
1045,5827
1044,5826
1043,5825
1042,5954
1041,5953
1040,5952
1038,5983
1037,5928
1036,5923
1035,5920
1034,5916
1033,5892
1032,5891
1031,5890
1030,5889
1029,5882
1028,5880
1027,5860
1026,5842
1025,5841
1024,584
1023,5832
1022,5831
1021,582
1020,5812
1019,5658
1018,5662
1017,5800
1016,5799
1015,5783
1014,5782
1013,5781
1012,5780
1011,578
1010,577
1009,576
1008,575
1007,574
1006,571
1005,5705
1004,5680
1003,5673
1002,567
1001,566
1000,5659
999,565
997,5644
996,5638
995,5637
994,5636
993,5635
992,5634
991,5633
990,5632
985,5624
984,5617
983,5616
982,5614
981,560
980,570
979,558
978,5562
977,554
976,5392
975,5440
974,5394
973,5396
972,5393
971,579
970,5530
969,5524
968,547
967,5463
966,545
965,5447
963,5444
962,5443
961,5442
959,5434
958,5698
957,5417
955,5341
954,5337
953,5323
952,5331
951,5383
950,5382
949,5345
947,5326
946,5325
945,5313
944,5312
943,5311
942,5306
941,5305
940,5245
939,5418
938,530
937,5406
936,5291
935,527
933,5257
932,5256
931,5229
930,5227
929,521
928,5204
927,5197
926,5196
925,5195
924,5194
923,5193
922,5192
921,5191
920,5190
919,5189
918,5188
917,5187
916,5186
915,518
914,515
913,514
912,513
911,5043
910,5041
909,5040
908,5039
907,5125
902,5107
901,5106
900,5087
899,5073
897,5064
895,5052
894,5051
893,505
892,5047
891,5046
890,504
889,4978
888,5037
887,5036
886,5035
885,5034
884,5033
883,5032
882,5031
881,503
880,5019
879,5018
878,5013
877,5010
876,5009
875,5007
874,5003
873,4962
871,493
869,4906
868,4902
867,4901
866,4900
865,4798
864,474
863,4899
862,4898
861,4897
859,489
858,4875
856,4828
855,4823
854,4822
853,482
851,4817
850,4816
848,4814
846,481
842,475
841,472
840,4707
839,4702
838,4701
837,470
836,4688
834,4677
833,467
832,4640
831,464
830,4634
829,4627
828,4615
827,4614
826,4613
825,4612
824,4611
823,4603
822,4602
821,460
820,4597
819,4593
818,4592
817,459
816,4582
815,4519
813,458
812,457
811,4564
810,4563
809,4557
808,4553
806,4546
805,4544
804,4539
803,4537
802,4536
801,4535
800,4534
799,4532
798,4531
797,452
796,4505
795,4503
794,449
793,447
792,4423
791,4422
790,445
788,4443
787,4442
786,4441
785,4432
784,4427
783,4426
776,4401
775,4400
774,440
773,4399
772,4398
771,4397
770,4396
769,4395
768,4394
767,4393
766,4392
765,4391
764,4390
763,4389
762,4388
761,4387
760,4386
759,4385
758,4384
757,4424
756,4383
755,4382
754,4381
753,4380
752,438
751,4379
750,4378
749,4377
748,4376
747,4375
746,4374
745,4373
744,4372
743,4365
742,4364
741,436
739,4300
738,4296
736,4291
735,891
734,4272
733,4271
732,4270
731,4268
730,4265
729,4264
728,4261
727,4195
726,4260
725,4259
724,4254
723,4253
722,424
721,4239
720,4203
719,4238
717,4233
716,423
715,4220
714,4208
713,4207
712,4196
711,4194
710,419
709,4187
708,418
707,417
706,414
705,413
704,4014
703,398
702,4126
701,4124
700,4121
699,412
698,411
697,410
696,407
695,4017
693,401
692,400
691,3993
690,3992
689,3976
688,3974
687,3971
686,3969
685,3964
684,3961
682,3958
681,388
680,3957
679,3956
677,395
676,3949
675,3948
674,3947
673,3946
672,3945
670,3932
669,3931
668,3908
667,3907
666,3906
665,3905
664,3902
663,3965
659,383
658,375
657,368
655,3708
654,3705
653,3669
652,3668
651,3664
650,3618
649,3607
648,3605
647,3601
646,3600
645,3599
644,3598
643,3597
642,3596
641,3595
640,3594
639,3593
638,9995
637,3524
636,3523
635,3592
634,3591
633,3590
632,3589
631,3588
630,3567
629,3565
628,3564
627,3563
626,3561
625,3560
624,3620
623,3619
622,3552
621,3547
620,3525
619,3521
618,3520
617,3519
616,3518
615,3517
614,352
612,3515
611,3514
610,3513
609,3511
608,3510
607,3501
606,3493
605,3492
604,3491
603,3490
602,3489
601,3483
600,3433
599,3544
598,3431
597,3482
596,3451
595,3450
594,3449
593,353
592,343
591,3448
590,3447
589,3446
588,3444
587,3443
585,3434
584,3429
583,3409
582,3410
581,3427
580,3422
579,3413
578,3411
576,3407
575,3404
574,3379
573,3378
570,3375
569,3374
568,3372
567,3371
566,3370
565,3369
564,3367
563,3366
562,3365
561,3364
560,3363
559,3359
558,3358
556,3349
555,3335
554,3334
551,3325
550,3256
549,3255
548,3254
547,3253
546,3226
545,9996
544,9997
543,9998
542,3127
541,3122
540,3121
539,3526
538,3115
537,3112
536,3108
535,3107
534,3106
533,3080
532,3079
531,3267
530,3264
529,3078
528,3077
527,3072
526,3071
525,3041
524,3039
523,3030
522,3027
521,3026
520,3025
519,3024
518,3023
517,3018
516,3016
515,3015
514,3014
513,3013
512,3012
511,3007
510,2910
509,2909
508,2898
507,2896
506,2895
505,2894
504,2893
503,2892
502,2891
501,2786
500,2772
499,2767
498,2766
497,3105
496,2765
495,3261
494,2764
493,2763
492,2744
491,2736
490,2735
489,2722
488,2718
487,2715
486,2714
485,2713
484,2712
483,2711
482,2709
481,2707
480,2698
479,2697
477,2695
476,2691
475,2690
474,2689
473,2688
472,2687
471,2686
470,2685
469,2684
468,2683
467,2682
466,2673
465,2669
464,2668
463,2666
462,2665
461,2664
460,2663
459,2662
458,2659
457,344
456,2653
455,2646
454,2645
453,2644
452,2643
451,2642
450,2641
449,2640
448,2639
446,2596
445,2595
444,2589
443,2588
442,2587
441,2585
440,2584
439,2583
438,2582
437,2581
436,2580
435,2579
434,2578
433,2577
432,2576
431,2575
430,2574
429,2573
428,2572
427,2571
426,2570
425,2569
424,2568
423,2567
422,2566
421,2565
420,2564
419,2563
418,2560
417,2559
416,2553
415,638
414,2546
413,2545
412,2544
411,2542
410,2541
409,2540
408,2539
407,2538
406,2537
405,2533
403,2525
402,2521
401,2497
400,2514
399,2513
398,2512
397,2511
396,2510
395,2506
394,2505
393,2504
392,2503
391,2502
390,2500
389,2499
385,2490
384,2489
383,2486
382,2464
381,3512
380,2484
379,2518
378,2483
377,2482
376,2481
375,2480
374,2479
373,2476
372,2475
371,2471
369,2469
368,2468
367,2462
366,2460
364,2458
363,2457
362,2450
361,2449
360,2447
359,2515
358,2446
357,2445
356,2444
355,2442
354,2441
353,2440
352,2439
351,2438
350,2437
349,2435
348,2434
347,2433
346,2432
344,2429
343,2428
341,2425
340,2424
339,2423
338,2422
337,636
336,2420
335,2419
334,2418
333,2416
332,2414
331,2412
330,2410
329,2408
328,2406
327,2405
326,2404
325,2400
324,2398
323,2095
322,2394
321,2397
320,2396
319,2393
318,2300
317,2299
316,2298
315,2297
314,2296
313,637
312,2294
311,2293
310,2291
309,2290
308,2097
307,2096
306,2094
305,2093
304,2092
303,2091
302,2090
301,2088
300,1890
299,1888
298,1745
297,1744
296,1743
295,1742
294,1741
293,1740
292,1739
291,1738
290,1737
289,1736
288,4425
287,1735
286,1734
285,1733
284,1732
283,1731
282,1730
281,1728
280,1727
279,1726
278,1725
277,1724
276,1723
275,1722
274,1721
273,1720
272,1719
271,1718
270,1717
269,1716
268,1715
267,1714
266,1713
265,1712
264,1711
263,1710
261,1709
260,1708
259,1707
258,1706
257,1705
256,1704
255,1703
254,1702
253,1701
252,1700
251,1588
250,2421
249,1699
248,1698
247,1697
246,1696
245,1695
244,1694
243,1693
242,1692
241,1691
240,1689
239,1688
238,1488
237,1385
236,1384
235,1383
234,1382
233,1381
230,1377
229,1374
228,1373
227,1372
226,1371
225,1370
224,1369
223,1368
222,1367
221,1366
220,1365
219,1364
218,1388
217,1363
216,1362
214,1359
213,1355
212,1354
211,1353
210,1352
209,1351
208,1350
206,1347
204,1345
203,1344
202,1343
201,1342
199,1337
198,1336
197,1333
196,1330
195,1329
194,1327
193,1325
192,1324
191,1323
190,1322
189,1319
188,1318
187,1317
186,1316
185,1315
184,1314
183,1313
182,1312
181,1311
180,1310
179,1309
178,1308
177,1307
176,1304
175,1303
174,1301
173,1299
172,1298
171,1296
170,1295
167,1291
166,1288
165,1286
163,1282
162,1267
161,1265
160,1253
159,1334
158,1251
157,1249
156,1248
155,1247
154,1246
153,1244
152,1243
151,1242
150,1241
149,1240
148,1239
147,1238
146,1237
145,1236
144,1235
143,1233
142,1348
141,1231
140,1230
139,1229
138,1228
137,2495
136,1224
135,1223
134,1222
133,1221
132,1220
131,1219
130,1208
129,1207
128,1205
127,1203
126,1202
125,1201
124,1200
123,1199
122,1198
121,1197
119,1192
118,1191
117,1190
116,1188
115,1187
114,1185
113,1184
112,1183
111,1178
110,1174
109,1175
108,1173
107,1169
106,1168
105,1167
104,1166
103,1165
102,1162
101,1161
100,1160
99,1146
98,1143
97,1142
96,1141
95,1140
94,1139
93,1138
92,1134
89,1128
88,1127
86,1122
85,1119
82,1114
81,1111
80,1110
79,1109
78,1108
77,1107
76,1105
75,1104
74,1103
73,1102
72,1101
71,1100
70,1098
69,1094
68,1093
67,1092
66,1091
65,1088
63,1085
61,1083
60,1082
59,1078
58,1077
57,1074
56,1073
55,1072
54,1069
53,1068
52,1067
51,1066
50,1064
49,1062
48,1061
47,1060
46,1057
44,1052
43,1049
42,1048
41,1046
40,1045
39,1044
38,1042
37,1041
36,1040
35,1039
34,1038
33,1036
32,1035
31,1034
30,1033
29,1032
28,1031
27,1030
26,1029
25,1028
24,1055
23,1054
22,1027
21,1026
20,1025
19,1024
18,1023
17,1022
16,1021
15,1020
14,1018
13,1017
12,1016
11,1015
10,1014
9,1013
8,1012
7,1011
5,1006
4,1005
3,1003
2,1001
1,1000
